q_0.01	q_0.05	q_0.1	q_0.15	q_0.2	q_0.25	q_0.3	q_0.35	q_0.4	q_0.45	q_0.5	q_0.55	q_0.6	q_0.65	q_0.7	q_0.75	q_0.8	q_0.85	q_0.9	q_0.95	q_1	q_1.05	q_1.1	q_1.15	q_1.2	q_1.25	q_1.3	q_1.35	q_1.4	q_1.45	q_1.5	q_1.55	q_1.6	q_1.65	q_1.7	q_1.75	q_1.8	q_1.85	q_1.9	q_1.95	q_2
FOXJ2	0.0437721597842075	0.0463267975567523	0.0495171702441097	0.0526762824551223	0.0557739992657195	0.058780735114497	0.0616681164623458	0.0644095714329839	0.0669808259851317	0.0693602942903187	0.0715293589444939	0.0734725436652258	0.0751775867072949	0.076635427125466	0.0778401182239458	0.0787886832421017	0.079480927834768	0.0799192225599044	0.0801082667268967	0.0800548428818846	0.0797675691449365	0.0788621707238923	0.0763467802351515	0.073694191526436	0.0709238936729099	0.0680561766907383	0.0651118205134991	0.0621117748064144	0.0590768386473479	0.0560273492423441	0.0529828885312661	0.0499620157860225	0.0469820331547189	0.0440587896352086	0.0412065272697485	0.0384377715513337	0.0357632662372913	0.0331919510848101	0.030730979547627	0.0283857722714235	0.0261601013393979
TMEM38A	0.148764442888785	0.157679172870503	0.168914910534496	0.18017370169455	0.19136965923411	0.202418115250918	0.213237495132801	0.22375097195444	0.233887843210116	0.243584596146974	0.252785651574571	0.261443796758722	0.269520334366555	0.276984985720916	0.283815592867185	0.28999766571798	0.295523818719635	0.300393137113555	0.304610506957066	0.308185936502619	0.311133890002607	0.311912402137342	0.306445855901547	0.300441763225637	0.293938880193884	0.286979604458707	0.279609406793754	0.271876202440496	0.263829677995599	0.255520591627691	0.247000065636822	0.238318890677884	0.229526860329934	0.2206721531505	0.211800777019775	0.202956087624032	0.194178389559446	0.185504624984222	0.176968151232586	0.168598605530694	0.160421852085987
GSR	0.0835865075245595	0.0880128034764328	0.0934895344175206	0.0988550195155879	0.104057838103936	0.109048705615048	0.113781547846469	0.118214409516364	0.122310169869593	0.126037053296252	0.129368936954257	0.132285469040628	0.134772019928304	0.136819493668709	0.138424029560868	0.139586623101031	0.140312693301426	0.140611619785734	0.140496268858844	0.139982523424637	0.139088827567708	0.137149703418904	0.13245163884238	0.127561657451013	0.122512151724213	0.117336423848002	0.112068203584737	0.106741157469852	0.101388402955001	0.0960420411930106	0.0907327215571035	0.0854892497274397	0.0803382493363216	0.0753038848590025	0.070407650823479	0.0656682296622481	0.0611014178166346	0.0567201171913344	0.0525343868779305	0.0485515483198821	0.0447763358355039
SNX4	0.063783682925571	0.0674440558906922	0.0720047435126972	0.0765079067055238	0.0809094665171484	0.085166299357919	0.0892372062897654	0.0930837721275023	0.0966710849164828	0.0999682983033757	0.102949030960551	0.105591607456106	0.107879153047205	0.109799560476308	0.111345349983426	0.112513444695621	0.113304882764223	0.113724485603145	0.11378049883695	0.113484219527093	0.112849620245184	0.111336053117088	0.107551791880313	0.1035823003577	0.0994568914785589	0.0952058618625178	0.0908600219879936	0.0864502178675967	0.0820068578694223	0.0775594583017357	0.0731362206826784	0.0687636522769541	0.0644662395790823	0.0602661820822609	0.0561831910491805	0.052234355268687	0.0484340731124806	0.0447940477561398	0.0413233403276103	0.0380284740859815	0.0349135815650187
GGH	0.161437277937413	0.168333888560085	0.176690814903077	0.184676273066827	0.192211087487608	0.199222762878218	0.205646950955105	0.21142856144867	0.216522498165977	0.220894026602917	0.224518801176682	0.227382596092316	0.229480793628431	0.230817687506992	0.231405657881907	0.231264269566647	0.230419337751135	0.22890199687493	0.226747799561061	0.223995864339271	0.220688083793401	0.215788980309298	0.206662488048099	0.197383842981329	0.188005314261822	0.178579266121874	0.169157413095991	0.159790086914714	0.150525536008695	0.141409277710301	0.132483521362571	0.123786677739768	0.115352966621468	0.107212130273686	0.0993892562432406	0.0919047085442205	0.0847741622722025	0.0780087331497281	0.0716151906574773	0.0655962413468337	0.0599508677008221
CCNE1	0.214616611504611	0.217070385881722	0.219758567705397	0.221988622093791	0.22372668882168	0.224945649727348	0.225625589306121	0.225753994566722	0.225325708231316	0.224342663069355	0.222813434691473	0.220752655217065	0.218180331170065	0.215121106472956	0.211603506449797	0.207659192317419	0.203322248654579	0.198628519530518	0.193615002871617	0.188319307559234	0.18277917381087	0.176150913254429	0.166349818917917	0.156732281362025	0.147322668584086	0.138145284494346	0.129223756629197	0.120580471753018	0.112236071297472	0.104209017057607	0.096515235428426	0.0891678458499688	0.0821769761989822	0.0755496648109242	0.0692898458337704	0.0633984118894599	0.0578733457064385	0.0527099106036655	0.0479008885209108	0.0434368537208993	0.0393064703085667
MCOLN1	0.0224908151929562	0.024035061256751	0.0259959511608647	0.0279748383800333	0.0299537823901047	0.0319143799848485	0.0338381808406769	0.0357070877816223	0.0375037255833651	0.0392117658951374	0.0408162000281048	0.0423035554747745	0.0436620556985038	0.0448817257079063	0.0459544480864085	0.0468739754804517	0.047635906148397	0.0482376291785164	0.048678245563536	0.0489584706329419	0.0490805225339004	0.0488038741021128	0.0475050200320187	0.0460899315472267	0.0445708217697525	0.0429608254725301	0.0412737751538455	0.0395239631458086	0.0377258967902822	0.0358940540411809	0.0340426468153679	0.0321853990121452	0.0303353453785512	0.0285046563653451	0.0267044928689222	0.0249448933736647	0.0232346945891809	0.0215814853063596	0.0199915919533905	0.0184700932797003	0.0170208607738785
FBXO3	0.00581615507605687	0.00618019777720283	0.00663644545955274	0.00708974577929609	0.00753543538432008	0.00796887113075659	0.00838553912974717	0.00878115527429943	0.00915175342454602	0.00949375859216768	0.00980404367034967	0.0100799693791102	0.0103194080446562	0.0105207525522589	0.0106829122889565	0.0108052981398617	0.0108877986555156	0.0109307494140555	0.0109348974097406	0.0109013620532614	0.0108315941060534	0.0106739404790945	0.010295658205833	0.00989740902703642	0.00948251458051713	0.00905439354875847	0.00861650498346176	0.00817229148525189	0.007725123894985	0.00727824910238869	0.00683474244773788	0.00639746598984994	0.00596903365142766	0.00555178394777833	0.00514776067723112	0.00475870162217558	0.00438603499868608	0.00403088311762251	0.00369407249436385	0.00337614947659112	0.00307740035339569
SLC25A16	0.00243372493127398	0.00258194606798689	0.00276705106386748	0.002950186720045	0.0031294268356071	0.00330286900394855	0.00346867953053136	0.00362513429299598	0.00377065402327568	0.00390383299403897	0.00402346060326848	0.00412853581955547	0.00421827483968308	0.00429211259908271	0.00434969896016858	0.00439089049142329	0.00441573875769753	0.00442447598992185	0.00441749891118625	0.00439535138472197	0.00435870643290821	0.00428690413293466	0.00412694089901815	0.00395960816729643	0.00378627564075379	0.003608341044712	0.00342720730753804	0.00324425995024487	0.0030608453383888	0.0028782504194906	0.00269768450824318	0.00252026359335905	0.00234699752951935	0.0021787803526295	0.00201638382460999	0.00186045418357964	0.00171151195435965	0.00156995456933828	0.00143606146582122	0.00131000126600203	0.00119184061056708
ZNF710	0.00719715174392634	0.00762579113386537	0.008159564823639	0.00868586355136168	0.00919906413581138	0.00969364898092492	0.0101643367768071	0.0106062000820336	0.0110147654945012	0.0113860936383255	0.0117168377185705	0.0120042807738648	0.0122463528841887	0.0124416304125358	0.0125893198663867	0.0126892291860456	0.0127417292533165	0.0127477082282936	0.0127085210267898	0.0126259359019338	0.0125020797350598	0.012277966514288	0.0118024571587481	0.0113073675113388	0.0107966833115363	0.010274445741131	0.00974468634756093	0.0092113631480043	0.00867829974600798	0.00814912918538382	0.00762724407395559	0.00711575424305763	0.00661745288392424	0.00613479174008161	0.00566986555883425	0.005224405638442	0.00479978197225579	0.00439701320488529	0.00401678339135818	0.00365946439550864	0.00332514268009023
TM7SF2	0.0173250495662283	0.0183693678796464	0.0196718011330393	0.0209583011775471	0.0222152188384126	0.0234291128840877	0.0245870679747209	0.0256769825199311	0.0266878158223554	0.0276097874996168	0.0284345258334591	0.0291551650261017	0.0297663940913203	0.030264462132474	0.0306471460345259	0.0309136871835333	0.03106470384479	0.0311020854272122	0.0310288741864639	0.030849139106678	0.0305678458580507	0.0300404576860915	0.0288964359691653	0.0277025093767356	0.0264683894353062	0.0252039547917771	0.0239190906946705	0.0226235306680803	0.021326704942568	0.0200375999677543	0.0187646328783499	0.0175155441436504	0.0162973108397658	0.015116082094961	0.0139771373288737	0.0128848669945399	0.0118427746923428	0.0108534988026781	0.00991885121257191	0.00903987031006874	0.00821688519414045
UBP1	0.004139885343197	0.00438872874605004	0.00469889827681157	0.00500505571928618	0.00530393366074215	0.00559231858211489	0.00586712708825604	0.00612547478966764	0.00636473529748442	0.00658258766634855	0.00677705150058419	0.0069465097401189	0.00708971980200322	0.00720581423814868	0.00729429237385579	0.00735500453006293	0.00738813043390483	0.0073941533228793	0.00737383108364331	0.0073281655694565	0.00725837103642403	0.00713017591154804	0.00685574773140478	0.00656967976581977	0.00627429680063838	0.00597195894645862	0.00566502339089697	0.00535580679290385	0.00504654940026207	0.00473938190975594	0.00443629597757501	0.00413911913145815	0.00384949464554475	0.00356886672610591	0.00329847113497871	0.00303933116148372	0.00279225865564962	0.00255785966632873	0.0023365440949427	0.00212853868352275	0.00193390260539641
SPICE1	0.00609287165285393	0.00649241505399805	0.00699602294968642	0.00749974248788716	0.00799856565484833	0.00848743787565141	0.00896137575383818	0.00941557806171303	0.0098455256141876	0.010247066806731	0.0106164868324317	0.0109505597788453	0.0112465838376299	0.0115024006735556	0.0117164005680394	0.0118875152828773	0.0120152007132299	0.0120994113596714	0.012140568496282	0.0121395236918005	0.0120975190930832	0.0119563376943864	0.0115660027791409	0.0111504583680008	0.0107132914358205	0.0102582449629133	0.00978915423131019	0.00930988182587375	0.00882425326240899	0.00833599514885766	0.00784867767534878	0.00736566302985876	0.00689006106100729	0.00642469317628812	0.00597206509511046	0.00553434869562717	0.00511337282627662	0.00471062261867564	0.00432724655517437	0.00396407032397229	0.00362161634338704
NPY1R	0.145303615716021	0.156617865733913	0.171376430603406	0.18677329128283	0.202754378594304	0.219262051821671	0.236236821717778	0.253619039367225	0.271350473399302	0.289375713817446	0.307643359276748	0.326106963723236	0.344725735984598	0.363465000794048	0.382296441067928	0.401198148836619	0.420154516285985	0.439155999438438	0.458198785774601	0.47728439428271	0.496419232678099	0.51304776709717	0.519989271370878	0.526273572088083	0.531883557010258	0.536806567979828	0.541034532638396	0.544564022513597	0.547396234026374	0.54953689161097	0.550996074925637	0.551787974887864	0.551930585817579	0.551445343154025	0.550356717895947	0.548691780011418	0.546479743532065	0.543751505895098	0.540539193378699	0.536875723281616	0.532794391940882
CENPV	0.0944559729170168	0.0997037976059278	0.106221720023317	0.112633745782738	0.11887660564711	0.12488883561264	0.130612148485998	0.135992633409137	0.140981743793517	0.145537051689997	0.149622763436827	0.153210005950551	0.156276904263065	0.158808478451186	0.160796392047591	0.162238584831482	0.163138821261546	0.163506182497073	0.163354525685305	0.162701929594571	0.161570141218308	0.159187745737836	0.153572154098129	0.147709622947501	0.14164235677387	0.135413769618281	0.129067817417964	0.122648321874058	0.116198305155315	0.109759354590507	0.103371035390884	0.0970703674311903	0.0908913793259108	0.0848647496489509	0.0790175413851318	0.073373031816765	0.0679506362820204	0.0627659208136774	0.0578306957553126	0.0531531801817648	0.048738225387891
METTL26	0.0109345451395677	0.0116585962227245	0.0125732909152165	0.0134907698504995	0.0144022497827579	0.0152988287156478	0.01617169040314	0.0170122979473593	0.0178125688544276	0.0185650258822052	0.0192629201463891	0.0199003250072002	0.0204722010542345	0.0209744339260526	0.0214038476958079	0.0217581971350077	0.022036142386654	0.0222372095133235	0.0223617401202319	0.0224108328692182	0.0223862792658776	0.0221795492274717	0.0215103103745846	0.0207924205372086	0.0200320084111287	0.019235539589306	0.0184097072564794	0.0175613188734273	0.0166971821898178	0.0158239939722837	0.014948234714997	0.0140760723184937	0.0132132772963507	0.0123651515270572	0.011536471946944	0.0107314499208954	0.00995370637312236	0.00920626214980278	0.00849154255184117	0.007811394543762	0.00716711482838371
PTGER4	0.1153938624064	0.122609994584251	0.131709158310612	0.140823115624123	0.149871668574673	0.158774266592221	0.167451776463647	0.175828117424951	0.183831700618114	0.191396631390894	0.198463652685562	0.204980826010747	0.210903961718194	0.216196821663989	0.22083112459418	0.22478638803427	0.22804964069999	0.230615037278198	0.232483403680344	0.233661736304025	0.234162674073823	0.232839250050166	0.226713878234011	0.220101648804939	0.213052697348399	0.205620919125986	0.197863118788457	0.189838097867159	0.181605706076726	0.173225884253244	0.164757727183801	0.156258593601548	0.147783288280871	0.139383337630749	0.131106375700956	0.122995652399602	0.115089670318469	0.107421951221292	0.10002092828521	0.0929099558569446	0.0861074249805894
MCC	0.0461398478851508	0.0489444952883298	0.0524526883391883	0.0559311535817016	0.0593447790274074	0.0626588157484957	0.065839681991427	0.0688556945726829	0.0716777006416262	0.0742795919484997	0.0766386929298991	0.0787360222959614	0.0805564347147313	0.0820886542837243	0.0833252146833112	0.0842623223728035	0.0848996592180849	0.0852401399012595	0.0852896377374093	0.0850566904516819	0.084552195326345	0.0833720577670207	0.0804769162980997	0.0774315961973555	0.0742604345099877	0.0709885264361851	0.0676413197508554	0.0642442057481166	0.0608221185209292	0.0573991541579882	0.0539982206393607	0.050640727879698	0.0473463255850801	0.0441326944729827	0.0410153940941361	0.0380077681398462	0.0351209058643331	0.0323636562277682	0.029742689674009	0.027262601166315	0.0249260472475764
REG3A	0.362973983150715	0.359304815295237	0.354320012096863	0.348895627147856	0.343039803234686	0.336765621914901	0.330090736792052	0.323036897394521	0.315629396376212	0.307896473315763	0.299868706123675	0.291578416659304	0.283059111429786	0.274344972001716	0.265470403700588	0.256469645822168	0.247376442255098	0.238223768250934	0.229043607061407	0.219866769171303	0.210722746704255	0.200635975654381	0.187279399418491	0.17448590387833	0.162249227132429	0.150565128131713	0.139430539822354	0.128842814607927	0.118799068949461	0.10929563225448	0.100327603001576	0.0918885124622435	0.0839700936026003	0.0765621499723222	0.0696525168089669	0.0632271043719059	0.0572700118030714	0.0517636986766527	0.0466892008809958	0.0420263775586064	0.0377541764570541
USP38	0.0111360801373196	0.0118461589973334	0.0127382826371939	0.0136272439701852	0.0145040605265382	0.0153597386683768	0.0161854837665905	0.0169728956764591	0.0177141419810193	0.018402103638413	0.0190304899474802	0.0195939218927409	0.0200879847641266	0.0205092523600178	0.0208552860373042	0.0211246123915186	0.0213166834969844	0.0214318234972075	0.0214711650010249	0.0214365782953196	0.021330595901145	0.0210510331436268	0.0203349407093021	0.019577291500794	0.0187844745914924	0.0179631089346206	0.0171199326547681	0.016261691065417	0.0153950266933213	0.0145263745289331	0.0136618655013202	0.0128072408076998	0.0119677792346574	0.0111482390227452	0.0103528151872194	0.00958511255664996	0.00884813416833747	0.00814428410050017	0.00747538335420169	0.00684269704186174	0.00624697090294064
CYP2W1	0.108900375788538	0.116593201815259	0.126465267263113	0.136561547636562	0.146813038475412	0.157147500836597	0.16749098540303	0.17776931992124	0.187909498188608	0.197840922714532	0.207496468924182	0.216813354473297	0.225733811359276	0.234205569998956	0.242182172771123	0.24962313963439	0.256494010629939	0.262766289893059	0.268417313860878	0.273430063312103	0.277792935276812	0.280098380274132	0.276624511573861	0.272459863579907	0.267634913945301	0.262186663422312	0.256158081971746	0.249597422112899	0.24255741784535	0.235094392311538	0.227267301135897	0.219136740809926	0.21076395243084	0.202209850498974	0.193534104409771	0.184794296924012	0.17604517953681	0.167338039622847	0.15872018886812	0.150234577154675	0.141919531054737
NFKBIB	0.0185323114961743	0.0194627825493507	0.0205970815131619	0.0216871777867857	0.0227204663834174	0.0236851521835678	0.0245705279394157	0.0253672027586568	0.0260672743228965	0.026664442274178	0.0271540640099893	0.0275331572490091	0.027800355992179	0.027955827865587	0.0280011613618434	0.0279392313382107	0.0277740504629732	0.0275106133118977	0.0271547386711446	0.0267129144363582	0.026192148406785	0.0254724093434337	0.0242489958549538	0.0230082225928654	0.0217587587456704	0.0205090606691879	0.0192672499440588	0.0180410006656655	0.0168374390197906	0.015663057758041	0.0145236476174911	0.013424247061727	0.0123691109959976	0.0113616983723676	0.0104046778966715	0.00949995041881425	0.00864868606524316	0.00785137378088338	0.00710788069980724	0.00641751866030924	0.00577911521151003
ING3	0.00717018923627774	0.00762667413263798	0.00820007635836637	0.00877131056421246	0.00933459349681139	0.0098841366251177	0.0104142814368697	0.0109196252212292	0.0113951324967439	0.0118362286403244	0.0122388737398072	0.0125996160743022	0.0129156258062299	0.0131847103772538	0.013405313713582	0.0135765016789073	0.013697936306473	0.0137698412507933	0.0137929606833897	0.0137685135702809	0.0136981449573532	0.0135162645873934	0.0130541276188802	0.0125653980218607	0.0120541965986032	0.0115247901722733	0.010981520182994	0.0104287305131364	0.00987069665799139	0.00931155831602348	0.00875525732843468	0.00820548265828503	0.00766562377980623	0.00713873346981833	0.00662750058038221	0.00613423295176257	0.0056608502234336	0.00520888594114236	0.00477949805801922	0.00437348669947996	0.00399131791089113
HIGD1A	0.116268555618304	0.122624435070157	0.13051043970954	0.138260264238116	0.145798834380384	0.153053584285873	0.159956062321257	0.166443317170678	0.172459019964428	0.177954299621951	0.182888288853904	0.187228395505151	0.190950327010778	0.194037904259629	0.196482705298211	0.198283579683085	0.199446071771138	0.199981786769915	0.199907727842935	0.199245626723961	0.198021284702813	0.195287071739358	0.18860327593126	0.181626658408237	0.174405611246097	0.166989961422869	0.159430227681014	0.151776865156218	0.144079518950444	0.136386307828459	0.12874315817057	0.121193206263145	0.113776284074916	0.106528500041848	0.0994819223074872	0.0926643676066897	0.0860992948076843	0.0798057982865324	0.0737986930024681	0.0680886805186349	0.0626825833531277
DUOXA2	0.663739298002854	0.661887184674485	0.659697404056162	0.65758636074497	0.655487736569895	0.653334947282336	0.651062409684475	0.6486067232068	0.645907725721698	0.64290939606944	0.639560588695953	0.635815597610474	0.631634556599021	0.626983689749192	0.621835430740155	0.616168431248214	0.609967478654623	0.603223341570549	0.595932559081533	0.588097186573811	0.57972450795509	0.567985546500731	0.545787043306374	0.523691240835863	0.501704743743174	0.479846648908839	0.458146558346644	0.436642587908606	0.415379395917502	0.394406260562257	0.373775237526294	0.353539429767664	0.333751399675319	0.314461750186833	0.295717896205557	0.277563041240049	0.260035367106652	0.243167437301295	0.226985807739915	0.211510832398136	0.196756646260798
CCDC149	0.00996461628758995	0.0105825243613917	0.011355987863324	0.0121233359843953	0.0128766103950553	0.0136079094321724	0.0143095740671677	0.0149743585636037	0.0155955793822924	0.0161672379082665	0.0166841146512535	0.0171418344959067	0.0175369041938163	0.0178667245076625	0.0181295802143214	0.0183246115760977	0.0184517709604314	0.0185117681095146	0.0185060072164956	0.0184365185311329	0.0183058867576339	0.0180270034688658	0.0173761437629446	0.0166925039815892	0.0159817509310715	0.0152496991246476	0.0145022148830484	0.0137451205919767	0.0129841018994129	0.0122246205349145	0.0114718351999974	0.0107305326256589	0.0100050704420131	0.00929933298515636	0.0086167006117601	0.00796003253789256	0.00733166269883029	0.0067334076700295	0.00616658531800723	0.00563204257747542	0.00513019058300661
FAXDC2	0.161388694377773	0.170877151383159	0.18279612472723	0.194688841943969	0.20645675635237	0.218002530818985	0.229232128560473	0.2400566705882	0.250393996111236	0.260169888504563	0.269318955045396	0.277785171078978	0.285522116967372	0.292492948345861	0.298670146889097	0.304035100593756	0.308577560503411	0.312295015970859	0.315192024084876	0.317279521749457	0.318574141854366	0.317509304889221	0.309996248453274	0.301892189422205	0.293250966109989	0.284130855364714	0.274593739271376	0.264704192708801	0.254528516315048	0.244133742074612	0.233586640097682	0.222952755099055	0.212295499594311	0.201675328016871	0.191149012025797	0.18076903250432	0.170583098476972	0.160633797750096	0.150958378842564	0.141588659013652	0.132551049142396
THOC6	0.030756007577951	0.0322947391945733	0.0341719348492387	0.0359779326624202	0.0376922487487235	0.039295704597753	0.0407708734681506	0.0421024466760097	0.0432775091519145	0.0442857203759718	0.0451194029136939	0.0457735457674944	0.0462457333529623	0.0465360130463678	0.046646715046334	0.0465822379834007	0.046348812590108	0.0459542541120655	0.0454077122672527	0.0447194256635597	0.0439004858188885	0.0427487766458328	0.0407506905205458	0.0387207523744945	0.0366729761483046	0.0346210950011505	0.0325783632647159	0.0305573714950678	0.0285698796711661	0.0266266729527817	0.0247374435538165	0.0229107012579174	0.0211537139643859	0.0194724784746069	0.0178717205853028	0.0163549225127236	0.0149243747884847	0.0135812490850002	0.0123256879703608	0.0111569073648195	0.0100733074626206
POLR2J4	0.0155245465372144	0.0165477772255822	0.0178390177238858	0.0191324159299105	0.0204153454668444	0.0216750330901441	0.0228988540499366	0.0240746112578503	0.0251907872576145	0.0262367608547338	0.0272029833423505	0.0280811122276748	0.0288641029523766	0.0295462611451463	0.030123259377351	0.0305921232291907	0.0309511917900783	0.0312000576240792	0.0313394908518155	0.0313713514509002	0.0312984932568797	0.0309697458041989	0.0299952086986066	0.02895390670627	0.027854790885264	0.0267072523989774	0.0255209629260488	0.0243057105328191	0.0230712358610808	0.0218270734974549	0.0205824031637411	0.0193459149107322	0.0181256918398534	0.0169291130614146	0.0157627786802991	0.0146324576403709	0.0135430583186907	0.0124986208953266	0.0115023297797826	0.0105565437836115	0.00966284130893758
SYNM	0.944286491999447	0.946876024779747	0.949717425612326	0.952072260952641	0.953893953986822	0.955140546613345	0.955775062626585	0.95576569015361	0.955085801210927	0.953713835292867	0.951633079323963	0.948831378092806	0.945300807855766	0.941037341866103	0.936040530990989	0.930313216164708	0.923861282924121	0.916693462252004	0.908821176802139	0.900258427511899	0.891021712694628	0.876744323272903	0.846361301880282	0.816091145808838	0.785924987380317	0.755870637919541	0.725950569255309	0.696199814945163	0.666663816701107	0.637396248809355	0.608456858591733	0.579909363831879	0.551819448443099	0.524252895534662	0.497273892672665	0.470943537923269	0.445318567720299	0.42045031929148	0.396383931893016	0.373157782983907	0.350803148178239
SPNS2	0.000750903054134586	0.000786464025651796	0.000829229809632832	0.000869605460325863	0.000907066948139499	0.000941135455171156	0.00097138921799488	0.000997472901535688	0.00101910424097055	0.00103607788257661	0.0010482665278369	0.00105561962436012	0.0010581599452205	0.00105597845431185	0.00104922787313634	0.00103811535131617	0.00102289460758211	0.00100385785869256	0.000981327798293224	0.000955649832025	0.000927184723576025	0.000891840600097593	0.000839330674670678	0.000786936954284151	0.000735019763651476	0.000683917924224963	0.000633944182898796	0.000585381335397508	0.000538479140143118	0.00049345208884897	0.00045047806732506	0.000409697905924228	0.000371215785786239	0.000335100436496966	0.000301387034737421	0.000270079693282532	0.00024115441618009	0.000214562389398561	0.000190233476457457	0.000168079794864165	0.000147999260541344
SRPRA	0.0203498592206959	0.0215647430478436	0.0230788303216944	0.0245732595793897	0.0260322542387349	0.027440310285734	0.0287825613652248	0.0300451078181034	0.0312152976585662	0.0322819517087434	0.033235529348196	0.0340682351732743	0.034774070002609	0.0353488319562106	0.0357900747524389	0.0360970309866495	0.0362705081207274	0.0363127643976486	0.0362273710745552	0.0360190663970172	0.0356936057402542	0.0350821237622178	0.0337516405802749	0.0323637243553032	0.0309295172869224	0.0294603559732421	0.0279675886538467	0.0264623947122302	0.0249556116264206	0.0234575742987647	0.0219779711944524	0.0205257210006058	0.0191088726278757	0.0177345303717883	0.0164088049965151	0.0151367904658091	0.0139225650865339	0.012769215001722	0.0116788773109809	0.0106527996291404	0.00969141262604462
PNRC2	0.0125156436505604	0.0133503086117144	0.0144058243742429	0.01546583277467	0.0165202713380357	0.0175589132417561	0.0185716012390606	0.019548470106129	0.0204801487971194	0.0213579357037277	0.022173942825344	0.0229212069920035	0.0235937683338416	0.0241867178223979	0.0246962168629501	0.0251194926018036	0.0254548128852055	0.0257014447530564	0.0258596000667543	0.0259303714485463	0.0259156612283933	0.025689601203468	0.0249269856689522	0.0241068400793669	0.0232362014417726	0.0223225197829138	0.0213735314427678	0.0203971271207111	0.0194012185806373	0.0183936079991951	0.0173818638222584	0.0163732066833331	0.0153744084532761	0.0143917068660954	0.0134307374434554	0.0124964836694515	0.0115932455971355	0.010724626345755	0.00989353531217424	0.00910220640097496	0.00835222919337818
LINC03040	0.185655179882108	0.195147000002144	0.206898257220703	0.218425619167259	0.229626470235552	0.240402636859809	0.250662422084836	0.260322302745629	0.269308242496118	0.277556603758439	0.285014668645002	0.291640800797802	0.297404295664516	0.302284975733911	0.306272590222507	0.309366076714011	0.311572736642853	0.312907368656163	0.313391395020397	0.313052007357255	0.311921349819167	0.308492610406342	0.298874041134292	0.288810504501877	0.278363353720504	0.26759684363774	0.256577218923221	0.245371753815033	0.234047770105487	0.222671661508245	0.211307952620743	0.200018419340555	0.188861294887614	0.177890581707151	0.167155484750209	0.156699976279275	0.146562496784026	0.136775791168466	0.127366874401323	0.118357116560944	0.109762433831986
RAP1GDS1	0.0102055023945774	0.0108339851802079	0.0116204419685183	0.0124004597365545	0.0131660093835157	0.0139091278332434	0.0146221044534245	0.0152976516452254	0.0159290532170849	0.016510286201678	0.0170361138708454	0.0175021496354631	0.0179048931306011	0.0182417409941533	0.0185109756273708	0.0187117356085826	0.0188439714819989	0.0189083904447168	0.0189063930924208	0.0188400049353696	0.0187118049241903	0.0184326490590989	0.0177735108912731	0.0170809903460131	0.0163607643122405	0.0156186654842962	0.0148605867085195	0.0140923852082407	0.0133197894672389	0.0125483114647071	0.0117831667346609	0.0110292043811809	0.0102908487390013	0.00957205385551447	0.00887627141890882	0.00820643220324549	0.00756494057862202	0.00695368117248429	0.00637403638922298	0.00582691321393758	0.00531277754870377
ZNF493	0.00696508462368798	0.00744365875407097	0.00805053862857718	0.00866188257516972	0.00927190645385196	0.00987468720885408	0.0104642987356079	0.0110349428296991	0.0115810699096643	0.0120974854089701	0.0125794390811517	0.0130226957990774	0.0134235876284174	0.0137790479322746	0.0140866289780522	0.0143445049672389	0.0145514626211545	0.0147068814761225	0.0148107059226761	0.0148634108172057	0.0148659622461376	0.0147460123294627	0.0143165811414363	0.0138525048190846	0.0133578968819663	0.0128371283931146	0.0122947520533566	0.0117354229698652	0.0111638184672271	0.0105845593583675	0.010002135022148	0.00942083444712399	0.00884468510863766	0.0082774011689316	0.00772234205323604	0.00718248198826566	0.0066603906235153	0.00615822441838351	0.0056777280933758	0.00522024512931759	0.00478673606558238
VRK2	0.0176660444412968	0.0188046667632366	0.0202385724467735	0.0216716048988545	0.0230898012833198	0.0244791216582073	0.0258257728696989	0.0271165111696304	0.0283389118542436	0.0294815975228299	0.0305344200428969	0.0314885946090797	0.0323367871133204	0.0330731582328883	0.0336933691296163	0.0341945544690866	0.0345752687076629	0.034835411389047	0.0349761366812352	0.0349997517007773	0.0349096074241707	0.0345372233109257	0.0334478979291913	0.032287220949659	0.0310648890938398	0.0297910522343801	0.0284761445413557	0.0271307110527718	0.025765234735934	0.0243899691222429	0.0230147813633577	0.0216490100822123	0.0203013417074263	0.0189797081295748	0.0176912075597524	0.0164420494681979	0.0152375234970379	0.0140819913345462	0.0129788997566227	0.0119308124189509	0.0109394575400074
PMEPA1	0.0281223375332258	0.0298019962846723	0.0318975328557585	0.0339687469698162	0.0359942284847377	0.037952899781793	0.0398245068292334	0.0415900624004866	0.0432322253380389	0.0447356054164243	0.0460869890407052	0.0472754861581247	0.0482926029657942	0.0491322480601008	0.0497906815615283	0.0502664175659376	0.050560090212801	0.0506742929563143	0.0506133995122951	0.050383373641703	0.0499915735877662	0.0492004454737631	0.0474001479825414	0.0455165706285763	0.0435646968401171	0.041559857854336	0.0395174858272964	0.0374528676583656	0.0353809066247226	0.0333158986699375	0.0312713296003247	0.0292596985450596	0.0272923718862295	0.025379470537541	0.0235297920320103	0.0217507674602209	0.020048451967818	0.0184275463481969	0.0168914463106251	0.0154423153013172	0.014081176319424
CXCL12	0.188658573097881	0.199498805608275	0.21309760754298	0.226648712057192	0.240043044366366	0.253173678402067	0.265938121880078	0.278240310614211	0.289992246273158	0.301115242181753	0.311540770783894	0.321210931340251	0.330078575621861	0.338107142075846	0.345270255353345	0.351551149019695	0.356941965911605	0.361442984298853	0.36506181002354	0.3678125662168	0.36971510387004	0.36894869548442	0.360745868023433	0.351897825256454	0.342460185393617	0.332493263477177	0.322061247709981	0.311231291165333	0.300072542612518	0.28865514314402	0.277049216978715	0.265323885099903	0.25354632923605	0.241780931185722	0.230088508810617	0.218525665440156	0.207144264272454	0.19599103396823	0.185107306355784	0.174528882298533	0.16428601756354
EXOC1	0.0232270495188471	0.0245802295498185	0.0262644406465539	0.0279245820499762	0.0295434838242892	0.0311043437941577	0.0325911166487664	0.0339888610051954	0.0352840321642282	0.0364647129641632	0.0375207797495476	0.0384440045777021	0.0392280980839492	0.0398686997685317	0.040363323846278	0.0407112693137448	0.0409135027050274	0.0409725213228986	0.0408922037402123	0.0406776532368474	0.0403350387034391	0.0396729844680184	0.0382004593972519	0.0366643584090333	0.0350765814054614	0.0334492725484011	0.0317946278105832	0.0301247034820721	0.0284512311205899	0.0267854442325481	0.0251379215079728	0.0235184507312214	0.021935916593472	0.0203982146003568	0.0189121921661035	0.017483616884445	0.0161171709332014	0.0148164696614025	0.0135841016690692	0.0124216871480309	0.0113299509182428
FAM114A2	0.02545267498131	0.0269669528693192	0.0288584010122952	0.0307311012878884	0.0325665069334647	0.0343463641146333	0.0360531300274117	0.0376703482724693	0.0391829680682123	0.0405775988228102	0.041842696509966	0.0429686827075999	0.0439480007297688	0.0447751158418157	0.0454464680790814	0.0459603867897474	0.0463169758664285	0.0465179779264945	0.0465666246546701	0.046467479315982	0.0462262762277358	0.0456215529159251	0.0440828219490345	0.0424647549319297	0.0407797802974067	0.039040732224706	0.0372606493167547	0.0354525705790502	0.033629334494739	0.0318033869352195	0.0299866033078259	0.0281901297375377	0.0264242472447707	0.0246982618704253	0.0230204225793151	0.021397867616778	0.0198365988728767	0.0183414827891122	0.0169162754766561	0.0155636690395495	0.0142853556305637
ANGEL2	0.00912782049871865	0.00968860603145566	0.0103907535486289	0.0110877293587525	0.011772504137664	0.0124381045682812	0.0130777750449894	0.0136851254070854	0.0142542592097714	0.0147798788332141	0.0152573655587984	0.015682834420832	0.0160531650375682	0.0163660106634842	0.0166197883676941	0.016813653559057	0.0169474621050147	0.0170217231016259	0.0170375450218548	0.0169965775659125	0.016900951116547	0.0166698295550935	0.0160952446002333	0.0154900000143624	0.0148589825340186	0.0142072374263001	0.0135398865142159	0.0128620454040294	0.012178742308173	0.0114948408137441	0.0108149687869949	0.0101434553365577	0.00948427739893513	0.00884101708244336	0.00821683043857495	0.00761442785292684	0.0070360657909414	0.00648354922291983	0.00595824370883517	0.00546109586044601	0.00499266072288831
TMEM183A	0.0456635810546584	0.0484240387289641	0.0518750089574997	0.055294559191828	0.0586481920963181	0.0619018272520862	0.0650225895581046	0.067979523774196	0.0707442090681047	0.0732912564293086	0.0755986808884824	0.0776481487268324	0.0794251066326434	0.0809188047220035	0.0821222284244283	0.0830319556001669	0.0836479552070118	0.0839733427417074	0.0840141059210667	0.0837788119770628	0.0832783057890089	0.0821146525022573	0.0792641572980049	0.076267886441883	0.0731495939265136	0.0699337531409489	0.0666451642017557	0.0633085582382581	0.0599482100035956	0.0565875699579544	0.0532489261949283	0.0499531052952481	0.0467192194729315	0.0435644653391085	0.0405039773827409	0.0375507369991195	0.0347155357265369	0.032006989402923	0.0294315983256743	0.0269938472555546	0.0246963382811163
HDAC2	0.0405751220519641	0.0429065500896959	0.0458052234985594	0.0486591978070904	0.0514392204549328	0.0541167716951018	0.0566647209149999	0.0590579069802314	0.0612736225018967	0.0632919900566622	0.065096226319161	0.0666727970482365	0.0680114714022986	0.0691052879128144	0.069950446626328	0.070546142623547	0.070894355639388	0.0709996091857743	0.0708687107558753	0.0705104826556868	0.0699354909933007	0.0688115695816676	0.0662859075553114	0.0636528429938656	0.0609323033007951	0.0581446275569612	0.0553102498633901	0.0524493836934462	0.0495817162195806	0.0467261212896725	0.0439003990084147	0.0411210487670503	0.0384030811277678	0.0357598722998871	0.0332030631524402	0.0307425029064718	0.0283862359501667	0.0261405287161941	0.0240099323271684	0.0219973757994325	0.0201042840174989
ATG5	0.0304427787890816	0.0324242369011694	0.0349236685320678	0.0374265768955436	0.0399090512928004	0.0423469625328866	0.0447165155708107	0.0469947683762765	0.0491600968570001	0.051192591197449	0.0530743748654873	0.0547898431460112	0.056325822894455	0.0576716589649867	0.0588192353459712	0.0597629404737292	0.0604995866509702	0.0610282931873658	0.0613503420442629	0.0614690136270112	0.0613894091150924	0.060814060665721	0.0589744911958683	0.0570053109038127	0.0549229708692283	0.0527448038703523	0.0504887356422287	0.0481729855817758	0.0458157656536711	0.0434349863884548	0.0410479785635647	0.0386712384310119	0.0363202032469346	0.0340090624423325	0.0317506081470694	0.0295561270495598	0.0274353338536528	0.0253963449855308	0.0234456897941124	0.0215883553432349	0.0198278600519258
SH3PXD2A	0.0244723007523145	0.0259414706099398	0.0277758059375997	0.0295905370031705	0.0313670282443162	0.0330869036897512	0.0347324741025681	0.0362871234591178	0.0377356406676105	0.0390644873171136	0.0402619971663074	0.0413185075429193	0.0422264264842961	0.0429802421248383	0.0435764824955649	0.0440136346324316	0.0442920318582226	0.0444137175094973	0.0443822924289358	0.0442027524161243	0.0438813206719885	0.0432091386231669	0.0416497829924055	0.0400158206990533	0.0383202744050205	0.0365764997295898	0.0347979697412055	0.0329980593226906	0.0311898356347935	0.0293858607127974	0.0275980117421214	0.0258373237969205	0.0241138588376119	0.0224366036131804	0.0208133978774201	0.0192508930842908	0.0177545405523293	0.0163286070476311	0.0149762148803875	0.0136994029742889	0.0124992049652345
IFIT3	0.0889632272131816	0.0951429038620317	0.103032101936916	0.111049108384659	0.119131676436761	0.127215499298548	0.1352356150563	0.143127758831973	0.150829607166325	0.158281872874752	0.1654292233062	0.172221009345053	0.178611805272453	0.184561769852033	0.190036846309469	0.195008823240204	0.199455280223759	0.203359441557343	0.206709959636231	0.209500646683024	0.211730170270111	0.212339560766741	0.208548996977442	0.204247825745476	0.1994699039938	0.194253563478081	0.188641008191358	0.182677628123644	0.176411248424364	0.169891335824434	0.163168185946375	0.15629211573168	0.149312684600622	0.14227796618072	0.135233889635	0.128223666002427	0.12128731079414	0.114461269658916	0.107778149525274	0.101266553504102	0.0949510142063051
RRAGC	0.0193338751984699	0.0206073463943359	0.0222155262887284	0.0238279732030518	0.0254292955114558	0.0270039117448631	0.0285364078210213	0.0300118744092032	0.0314162111808583	0.0327363881846462	0.033960658334907	0.0350787186034027	0.0360818206360306	0.0369628339794704	0.0377162668171271	0.0383382501007408	0.0388264913180765	0.0391802039945987	0.039400018538263	0.039487879344175	0.0394469323009785	0.0390858908034472	0.0379105768354431	0.0366501345512759	0.0353152405421208	0.0339171613224397	0.0324675638130476	0.0309783186777329	0.0294613022947278	0.0279282032378732	0.0263903389461883	0.02485848778246	0.0233427409510796	0.0218523778115834	0.0203957670507422	0.0189802950345145	0.0176123215251986	0.0162971618870416	0.0150390939729536	0.0138413871286298	0.0127063501941301
KPNA6	0.00819776189591244	0.00868048040614086	0.00928118794590159	0.0098730683669583	0.0104498514080177	0.0110053973578261	0.0115338414242676	0.012029722969103	0.0124880949591603	0.0129046106945611	0.0132755865749744	0.0135980411905286	0.0138697122606635	0.0140890538341725	0.0142552167008613	0.014368015183676	0.0144278834393163	0.0144358241662316	0.0143933522720359	0.0143024356500266	0.0141654348058404	0.0139154349670712	0.0133809412515596	0.0128245027385642	0.0122505276382547	0.0116634906091012	0.0110678612850686	0.0104680338806837	0.00986825988932598	0.00927258578365511	0.0086847974263219	0.00810837261488344	0.00754644283466208	0.0070017648996281	0.00647670274964731	0.00597321926849594	0.00549287761494244	0.00503685123909045	0.0046059415028385	0.00420060164536255	0.00382096573431589
DES	1	1	1	1	1	1	1	1	1	1	1	1	1	1	1	1	1	1	1	1	1	0.995022701774305	0.972153569852604	0.949529390622659	0.927072106080741	0.904720444913194	0.882428593051544	0.860164854686989	0.837910298079781	0.815657386353637	0.79340859883747	0.771175053122078	0.748975141600511	0.726833198691579	0.704778216126765	0.682842623624924	0.661061151087925	0.639469786299499	0.61810483922887	0.597002120689146	0.576196239541638
PBX2	0.0653057074641096	0.0694665017533493	0.0747239080872454	0.0800021552203247	0.0852549666493506	0.0904355481144897	0.0954976135863419	0.100396345521213	0.10508925299566	0.109536901891868	0.113703502381369	0.117557349357021	0.12107112030144	0.124222041824851	0.126991940579789	0.129367196579741	0.131338617433063	0.132901251083032	0.134054152779378	0.134800119623933	0.135145403490432	0.134426980628606	0.13092419345479	0.127127880760422	0.123067600331891	0.118775267742385	0.114284640185239	0.109630760671092	0.104849378690477	0.099976364572307	0.0950471350518953	0.090096106966538	0.0851561945573482	0.0802583636728716	0.0754312533986806	0.070700872472665	0.0660903745034465	0.0616199127042805	0.0573065717826571	0.0531643719476614	0.0492043378291349
IRF3	0.0242303494267038	0.0255955142419379	0.0272869082505709	0.0289450323760661	0.0305523132336876	0.0320917386071297	0.0335472537716159	0.0349041081851298	0.0361491407195961	0.0372709966660151	0.0382602746358208	0.0391096057425212	0.0398136707876326	0.0403691634636669	0.0407747088412295	0.0410307467532057	0.041139389317868	0.0411042609703444	0.0409303282059374	0.0406237249570294	0.0401915782647893	0.0394445285125121	0.037897571009085	0.0362952955824109	0.0346497824564999	0.0329732269948858	0.0312777515458279	0.0295752211761208	0.0278770684848907	0.0261941323879933	0.0245365152209397	0.022913461752821	0.0213332627815837	0.0198031849509611	0.0183294273574282	0.0169171044686884	0.0155702539153675	0.0142918668963797	0.0130839382933566	0.0119475331420259	0.0108828658636647
SPIRE2	0.0354204899910181	0.0371078716862515	0.0391641488312461	0.0411411365117063	0.0430178556343074	0.0447747924752964	0.046394327568196	0.0478610784624187	0.0491621477770815	0.0502872748263185	0.0512288951256683	0.0519821168388579	0.0525446264624013	0.0529165377637631	0.053100198351435	0.0530999675360626	0.0529219776621306	0.0525738891665274	0.052064647529809	0.0514042482436056	0.0506035140723729	0.0494266455750198	0.047273143615548	0.0450795655168662	0.042859907142176	0.0406280557182458	0.0383975927338157	0.0361816043127656	0.0339925043436564	0.031841875250184	0.0297403306422002	0.0276974032291574	0.025721460359337	0.0238196484336363	0.0219978663031026	0.0202607666655605	0.0186117834926792	0.0170531826966637	0.0155861326216839	0.0142107905378863	0.0129264011267373
CYBB	0.0629048818478021	0.0672226035498886	0.072735405069551	0.0783400753520034	0.0839954158777568	0.0896590737322934	0.0952884744022147	0.100841707990234	0.106278332961553	0.111560070967166	0.11665137651186	0.12151987509957	0.126136672100321	0.13047654136852	0.13451800735756	0.138243337159051	0.141638459791126	0.144692829536335	0.147399248597792	0.149753662200233	0.151754936854371	0.152641089505081	0.150398726894542	0.147810926580715	0.144897004699473	0.141679190940383	0.13818229949131	0.134433345832088	0.130461119450553	0.126295724434017	0.121968101219128	0.117509543465977	0.112951224010092	0.108323743144144	0.103656711148493	0.0989783751308912	0.0943152979904926	0.0896920948496579	0.0851312297635155	0.0806528730762916	0.0762748175771617
ASMTL	0.0401278912070455	0.0421016898721773	0.0445052880489236	0.0468127164658775	0.0489978083693491	0.051036174190643	0.0529057659543293	0.0545873355275447	0.0560647738877854	0.0573253273144197	0.0583596942577223	0.0591620129793336	0.0597297545536503	0.0600635384144733	0.0601668884937553	0.060045947447193	0.0597091648832645	0.059166973301172	0.0584314629483127	0.0575160643075992	0.0564352446163007	0.0549294549405233	0.0523394899811851	0.0497122760098838	0.047065623514891	0.0444169504320265	0.0417830339634546	0.0391797794772314	0.0366220127715656	0.0341233011746266	0.0316958078630491	0.0293501824815449	0.02709548971117	0.0249391759540491	0.0228870728689787	0.0209434351901865	0.0191110091617523	0.0173911270745784	0.0157838228307327	0.0142879631878425	0.0129013893392232
ETFRF1	0.0474187043353111	0.0504556390165917	0.0542903452165307	0.0581369917722793	0.0619615691892935	0.0657298525483918	0.0694081686466907	0.0729641075109569	0.0763671511844928	0.0795892009158285	0.0826049924318323	0.0853923969571719	0.087932612377512	0.0902102540450221	0.0922133580702998	0.0939333116343305	0.0953647251398525	0.0965052602369358	0.097355426255306	0.0979183556818195	0.0981995673059932	0.0977179195709731	0.0952218473682551	0.0925209893872948	0.0896363405943604	0.0865903994105672	0.0834068132529735	0.0801100010189622	0.0767247631560152	0.0732758905782056	0.0697877837645035	0.0662840928867681	0.062787388794834	0.0593188732012633	0.0558981345625112	0.0525429540738392	0.0492691640212885	0.0460905586027505	0.0430188553654067	0.0400637037091236	0.0372327355459704
PDE7A	0.0299203370652669	0.0317288953687873	0.033993845047826	0.036243514201828	0.0384562146968797	0.0406104825152565	0.0426855651457488	0.0446618627784615	0.0465213073191511	0.0482476688697122	0.0498267849740964	0.0512467130398658	0.0524978105194758	0.0535727504648979	0.0544664819211081	0.0551761454020442	0.0557009535898765	0.056042046649582	0.0562023303929283	0.0561863041704123	0.0559998839860253	0.055373237273781	0.0536099401701291	0.0517445687049815	0.0497914817069976	0.047765641727858	0.0456823793151633	0.0435571509362191	0.0414052974476015	0.0392418100662196	0.0370811105164622	0.0349368514158728	0.0328217420555541	0.0307474035906485	0.0287242563572339	0.0267614406608282	0.0248667710256956	0.0230467226340834	0.0213064475878889	0.0196498177417324	0.0180794902152785
CDH24	0.00850777292939218	0.00898789726420716	0.00958176150284241	0.0101626031860046	0.0107240174994208	0.0112598136976805	0.0117641621665659	0.0122317232512666	0.012657753388245	0.013038185940997	0.0133696859474128	0.0136496795707573	0.0138763602966969	0.0140486747854162	0.014166291774793	0.0142295575824332	0.0142394416401898	0.0141974751931371	0.0141056858817666	0.0139665304665895	0.0137828274988011	0.0134902106508384	0.0129242649591279	0.0123407267843699	0.0117441028845127	0.0111389012511606	0.0105295608131039	0.00992038376374642	0.00931547242014031	0.0087186723584446	0.00813352332153784	0.00756321907317272	0.00701057699918173	0.00647801785349465	0.00596755564052178	0.00548079724063242	0.00501895104402533	0.00458284357766537	0.00417294290176319	0.00378938742186474	0.00343201870925363
RELCH	0.134224512777326	0.140278498598531	0.147690957587462	0.154869396017094	0.161750693223279	0.168276264726741	0.174393206351906	0.180055173793791	0.185222981481133	0.189864924392032	0.193956843212774	0.197481965710831	0.200430564956233	0.202799478244115	0.204591529889916	0.20581489740912	0.206482454968765	0.206611121366072	0.206221232955923	0.205335955519685	0.203980743442252	0.201176525615369	0.194402413296873	0.187412835722989	0.180244814821747	0.172936656128061	0.165527430742602	0.158056435176049	0.150562644021361	0.143084171073564	0.135657754414244	0.128318280084852	0.121098357339605	0.114027956203951	0.10713411532405	0.10044072506453	0.0939683876966072	0.087734353512105	0.0817525289735536	0.0760335507035275	0.0705849173207876
ZFP90	0	0	0	0	0	0	0	0	0	0	0	0	0	0	0	0	0	0	0	0	0	0	0	0	0	0	0	0	0	0	0	0	0	0	0	0	0	0	0	0	0
SAR1B	0.0307205619863362	0.0327276126673552	0.0352621070395219	0.0378036445527471	0.0403284401876194	0.0428124434268697	0.0452318849978052	0.0475637911910312	0.0497864457366625	0.0518797846747907	0.0538257154734181	0.0556083571900023	0.0572142032572519	0.0586322122013254	0.0598538341574966	0.0608729824770042	0.0616859601724152	0.0622913506433457	0.0626898812950275	0.0628842675307542	0.0628790433529295	0.0623684046268672	0.0605612026321986	0.0586187847612744	0.0565572546045919	0.0543936809476344	0.052145814627857	0.0498317924920294	0.0474698370928652	0.0450779610049279	0.0426736844441066	0.04027377424743	0.0378940112491639	0.0355489917436376	0.0332519671472888	0.0310147242687101	0.0288475068769583	0.0267589776300271	0.0247562179773935	0.0228447624518277	0.021028662860137
HIPK2	0.0628961900550425	0.0666691921677046	0.0713876555319536	0.076066003487545	0.0806581638503112	0.0851186305992187	0.0894035025340594	0.0934714220344028	0.0972843800261626	0.100808365271169	0.104013848128291	0.1068760997988	0.109375356928464	0.111496847859662	0.113230700743424	0.114571755359245	0.115519300263051	0.116076755291562	0.116251316998634	0.116053581733985	0.115497158155648	0.114027888444689	0.110218313058796	0.106203819408499	0.102015557238739	0.0976858046975872	0.0932474554015206	0.088733496196525	0.084176490594	0.0796080827987085	0.0750585364478237	0.0705563206819561	0.0661277540621365	0.0617967142690681	0.0575844186441394	0.0535092776443523	0.0495868203733089	0.0458296886880778	0.0422476941061545	0.0388479299463828	0.0356349298862785
PPP1R2	0.010246584195512	0.0108863512962785	0.0116880752990695	0.0124845456885893	0.0132675911072535	0.0140290785786148	0.014761104138597	0.015456168408333	0.016107330453008	0.0167083353114582	0.0172537126934318	0.0177388463061838	0.0181600149284086	0.0185144076047493	0.0188001161611937	0.0190161086670161	0.0191621875553791	0.019238935944119	0.0192476553562028	0.0191902976042146	0.0190693931393212	0.0187939666219999	0.0181301963357457	0.0174313116522624	0.0167031189185188	0.0159515972531429	0.0151827996097096	0.0144027534777977	0.013617364115644	0.0128323231248555	0.0120530249554356	0.0112844935800307	0.010531321121539	0.00979761968764834	0.00908698709441522	0.00840248658534682	0.00774664010788399	0.00712143422633027	0.00652833735288456	0.0059683266818852	0.0054419230232357
ENSG00000254706	0.0727164011277176	0.0767920161473209	0.0818458847472487	0.0868064755164285	0.0916226318967017	0.0962447907235106	0.100626118249985	0.104723502494194	0.108498368567638	0.111917298239469	0.114952449019767	0.117581780214335	0.11978910287794	0.121563977016941	0.122901482830592	0.123801893609275	0.124270276688985	0.124316046222646	0.123952488071919	0.12319627336144	0.122066973564412	0.119986391268625	0.115471507808968	0.110781558401607	0.105951236938776	0.101015807703068	0.0960105638425326	0.0909702902117113	0.0859287457666715	0.0809181801237093	0.0759688975883937	0.071108880001108	0.0663634772465646	0.0617551713984262	0.0573034174029871	0.0530245601430309	0.0489318248501005	0.0450353753104878	0.0413424322593943	0.0378574428559827	0.0345822912094561
GSKIP	0.13643173550383	0.143594616509314	0.152486436354405	0.161236206381975	0.169766386010995	0.178002264387228	0.18587352141665	0.193315551500026	0.20027051139878	0.206688075633658	0.212525903007685	0.217749834523125	0.222333855128492	0.226259859106869	0.229517261820615	0.232102499695415	0.234018456713047	0.235273850286364	0.235882603126492	0.235863221331022	0.23523819297505	0.232868562221249	0.225809558933944	0.218393730356527	0.21066759152876	0.202680067616909	0.194481788123664	0.186124340838045	0.177659506368409	0.169138495304348	0.160611210167794	0.152125553309059	0.143726799836323	0.135457051676457	0.127354785159725	0.119454500357406	0.111786476059181	0.104376630031983	0.0972464803015338	0.0904131998427355	0.0838897543964459
GDI1	0.0129231478320055	0.0136712536274117	0.0146004401629649	0.0155139177763597	0.0164019487622509	0.0172550400184009	0.0180641660097139	0.0188209667596502	0.0195179138692738	0.0201484402746495	0.0207070321207696	0.0211892834997026	0.0215919166995364	0.0219127719555246	0.0221507714827285	0.022305862859186	0.0223789467174576	0.0223717933037753	0.0222869518895291	0.0221276563666935	0.0218977297032623	0.0214939722756779	0.0206520950541027	0.0197779948463673	0.0188784963059273	0.0179605041565261	0.0170308939533235	0.0160964049532952	0.0151635381498625	0.014238462348765	0.0133269308419011	0.0124342107907035	0.0115650268879558	0.0107235202615214	0.00991322295415948	0.00913704769981221	0.00839729215478445	0.00769565626225286	0.00703327105237248	0.00641073692024712	0.00582816928299718
PNPT1	0.0514946748137746	0.0547415013440785	0.0588256572149383	0.0629028340160711	0.0669341684231978	0.0708807446364754	0.0747044796193525	0.0783689420089962	0.0818400737793791	0.0850867931770343	0.0880814672325951	0.0908002512544604	0.0932233003793395	0.0953348640520954	0.0971232781048451	0.0985808710239054	0.0997038013258329	0.100491842093554	0.100948127052692	0.101078870466307	0.100893070898092	0.0999024750407957	0.0968458703174511	0.0935872883018797	0.0901529319952498	0.086570336383011	0.0828679207393555	0.0790745248237484	0.0752189423913122	0.071329465676098	0.0674334540709878	0.0635569391355954	0.0597242763806435	0.0559578521158348	0.0522778511547586	0.0487020885117202	0.0452459055727535	0.0419221287363725	0.038741086334258	0.0357106778593184	0.0328364882104354
ZNF714	0.0361311787544862	0.038328924807578	0.0410791091688324	0.0438074611094022	0.0464866727555822	0.0490897023074057	0.051590397528227	0.0539640630330174	0.0561879505218368	0.0582416581254263	0.0601074321429743	0.0617703709413052	0.063218536139511	0.0644429801473967	0.0654377016035043	0.0661995413868254	0.0667280318887283	0.0670252114170469	0.0670954142573463	0.0669450453015847	0.0665823464853428	0.0656885736093036	0.0634434200697074	0.0610787665436805	0.0586134309543813	0.0560668609436667	0.0534588202157185	0.0508090710389387	0.0481370620670234	0.0454616305126258	0.0428007271332727	0.0401711714973609	0.0375884436490018	0.0350665166723866	0.032617732876374	0.0302527244939417	0.0279803780326457	0.0258078398227134	0.0237405589700428	0.0217823628879111	0.0199355598817052
SLC9A7	0.161426437163871	0.171516674088344	0.184313314191743	0.197232242554521	0.210183952231286	0.223079207476607	0.235831040107634	0.248356541406972	0.260578383474578	0.272426028746167	0.283836611112099	0.294755494257506	0.305136530804188	0.314942058693309	0.324142678887877	0.332716861370889	0.34065042542665	0.347935936353896	0.354572055110647	0.360562870859169	0.365917239710695	0.368803320342063	0.364336037370094	0.359215117349896	0.353473595950095	0.347149176024369	0.340283739173747	0.332922776306944	0.325114750712257	0.316910410023914	0.30836206561416	0.299522859212375	0.290446036852927	0.281184249568209	0.271788898632675	0.262309540756942	0.252793365611817	0.243284754648714	0.233824926606713	0.224451671580322	0.215199172261984
DNAJC24	0.00792425966144474	0.00840092470549175	0.00899564189422884	0.00958342486324967	0.0101581210558357	0.010713669670975	0.0112442440015018	0.0117443802071008	0.0122090877962202	0.0126339387168964	0.0130151335963632	0.0133495451598325	0.0136347400845301	0.0138689814445562	0.0140512144641369	0.0141810385498339	0.0142586685706114	0.0142848881649975	0.014260997544477	0.0141887578919517	0.0140703340719706	0.0138390115669399	0.0133236240318329	0.0127848978584026	0.0122271748992653	0.0116548861034708	0.0110724798015931	0.0104843505568705	0.00989477063328283	0.00930782604251324	0.00872735894583827	0.00815691791411719	0.00759971720608572	0.00705860583420319	0.00653604677379732	0.00603410626138142	0.00555445274647921	0.00509836472904765	0.00466674644739788	0.00426015018897347	0.00387880388174601
TLN2	0.124195619359247	0.130286192348392	0.137786958396326	0.145097337167683	0.152149129054299	0.158877616039828	0.165222902810025	0.171131021475743	0.176554771190792	0.181454283985997	0.185797326025447	0.189559357783116	0.192723386587478	0.195279650490278	0.197225173906152	0.198563233708318	0.199302770378075	0.199457773323675	0.199046663432622	0.198091689956242	0.196618353410591	0.193686006296803	0.186878657754261	0.179822609779282	0.17256125921882	0.165139415860628	0.157602648211308	0.14999660994863	0.142366366246139	0.134755739556374	0.127206693844699	0.11975877470631	0.112448620367855	0.105309555433598	0.0983712755978967	0.0916596276556664	0.0851964852529786	0.0789997171678057	0.0730832416975438	0.0674571581068577	0.0621279441502522
ZNF398	0.005626077173955	0.00595487147911099	0.00636349474053498	0.00676546425811038	0.00715647203812696	0.00753231176200472	0.00788897815738706	0.00822275555509698	0.00853029246333977	0.00880866018458588	0.00905539468248674	0.0092685219620123	0.00944656807773471	0.00958855549415943	0.00969398788527901	0.00976282560277517	0.0097954540055459	0.0097926466771426	0.00975552531135768	0.00968551776270634	0.00958431547180869	0.00940677667232588	0.00903729304324332	0.00865356337076893	0.00825861773542179	0.00785551965125465	0.00744731740187753	0.0070369964145257	0.00662743402901393	0.00622135793437392	0.00582130939912075	0.00542961221944161	0.00504834806558617	0.00467933863591612	0.00432413474782119	0.00398401222247859	0.00365997417225192	0.00335275908860551	0.00306285396422233	0.0027905115707913	0.00253577095467003
SRP72	0.0209235156601237	0.0222515030250906	0.0239207332308604	0.025585246662378	0.0272286054223952	0.0288343502007606	0.0303863807031238	0.0318693087413724	0.0332687704947669	0.0345716884251025	0.0357664774830045	0.0368431941370053	0.0377936300655903	0.038611354882372	0.0392917139535924	0.0398317882602064	0.0402303234731037	0.0404876351086108	0.0406054959808871	0.0405870113240871	0.0404364860493415	0.0399594029746838	0.0386544864716565	0.0372698122250454	0.0358168452707332	0.0343075290504364	0.0327540877329039	0.0311688243760539	0.0295639208194768	0.027951245170568	0.0263421724319508	0.0247474232278826	0.0231769247595144	0.0216396971077739	0.0201437668758923	0.0186961089951868	0.0173026163811504	0.015968096088636	0.0146962897289775	0.013489915216367	0.0123507264261973
NSA2	0.025261145728109	0.0269163646601337	0.0290066509979069	0.0311027534471803	0.0331849566091664	0.0352333203455742	0.0372281344140125	0.0391503464805699	0.0409819468013111	0.042706297382576	0.0443083982571334	0.0457750881216366	0.0470951805660841	0.0482595402381089	0.0492611054274	0.0500948647615976	0.050757796100373	0.0512487754772697	0.0515684632640073	0.0517191738031997	0.0517047337283057	0.0512738513468299	0.049776569933929	0.0481680232729065	0.0464616202458831	0.0446715562275459	0.042812577080596	0.0408997329030397	0.0389481287162716	0.0369726794619697	0.0349878764925076	0.0330075721993735	0.0310447885601521	0.0291115542549459	0.0272187736849089	0.025376129807736	0.0235920212794875	0.0218735330457873	0.0202264383323574	0.0186552290013717	0.0171631705016764
THY1	0.086000210334135	0.0914508331885157	0.0983175070082676	0.105185608888361	0.111991521206036	0.118671383744056	0.125162533088653	0.131404836875579	0.137341872424819	0.142921914614739	0.148098713743894	0.152832058941459	0.157088135179231	0.160839691391918	0.164066043409812	0.166752938540903	0.168892309180956	0.170481941402441	0.171525081731873	0.172030001873998	0.172009537479926	0.170627103403838	0.165716958677148	0.160454008256856	0.154880054046482	0.149039378507172	0.142978030509685	0.136743076693144	0.130381839877141	0.123941146820147	0.11746660726984	0.11100194481178	0.104588397578227	0.0982642035928595	0.0920641816251205	0.0860194141748851	0.0801570348825023	0.0745001185275604	0.0690676680735818	0.0638746901152119	0.058932347707348
PICALM	0.00498299408383753	0.00530405184991182	0.00570897394346494	0.00611445206804089	0.00651668657554092	0.00691184712149593	0.00729615927232963	0.00766598550767724	0.0080178975101696	0.00834873752084826	0.00865566747173159	0.00893620548769083	0.00918825010215996	0.00941009310995873	0.00960042236983397	0.0097583160780521	0.00988323008860831	0.00997497979092071	0.0100337179104076	0.0100599094067402	0.0100543044385347	0.00996804803791449	0.00967483535944171	0.00936036064406653	0.00902719163807584	0.00867804792540528	0.00831575615750647	0.00794320319844584	0.00756328855174196	0.00717887747719218	0.00679275617822625	0.00640759034368716	0.00602588816830423	0.00564996876422816	0.00528193662640948	0.00492366254424991	0.00457677107851246	0.00424263446272773	0.00392237255675159	0.00361685828783678	0.00332672786872533
GLB1L2	0.0349775467198001	0.0371250667117603	0.039812576722015	0.0424785235899944	0.0450957296917216	0.0476372549635039	0.0500770249955455	0.0523904046455606	0.0545546958029261	0.056549544891802	0.0583572528056864	0.0599629864935045	0.0613548968477996	0.0625241515905771	0.0634648944428932	0.0641741431074117	0.0646516387134562	0.0648996586546378	0.064922803481241	0.0647277669564229	0.0643230967607307	0.0634018035636751	0.0611745722011477	0.0588323517382353	0.0563941564159358	0.0538795580419672	0.0513083672394608	0.0487003132299725	0.0460747314106802	0.0434502677457967	0.0408446083071967	0.0382742412043683	0.0357542567066301	0.0332981896745918	0.0309179065938794	0.0286235376596154	0.0264234526082224	0.0243242774329532	0.022330947828462	0.0204467942385896	0.0186736527530698
SNHG10	0.0534153515648087	0.0565780013939212	0.0605245542107413	0.064427115190451	0.0682463584237488	0.0719436101521532	0.0754817378062908	0.0788259485406301	0.0819444687077633	0.0848090861847776	0.0873955478793119	0.0896838140847789	0.0916581789187938	0.093307271509591	0.0946239558538442	0.095605148564977	0.0962515734308943	0.0965674702420314	0.0965602731715795	0.0962402714750569	0.0956202627320514	0.0942437806671659	0.0909370766412781	0.0874692890506941	0.0838673105888518	0.0801588055435348	0.0763717709678491	0.0725340947089609	0.0686731229602612	0.0648152497573354	0.0609855399787432	0.0572073959817175	0.0535022760879822	0.0498894708604715	0.0463859406276551	0.0430062151791903	0.0397623541313837	0.0366639642823089	0.0337182684544112	0.0309302189313654	0.0283026476717026
MEF2A	0.0251844164417094	0.0265418477606294	0.0282140248146312	0.0298419687498161	0.0314079289757608	0.032894933759941	0.0342871861704485	0.0355704026600609	0.0367320833282038	0.037761708285893	0.0386508596281053	0.0393932728390848	0.0399848247417362	0.0404234672505785	0.0407091172464816	0.0408435130161136	0.0408300471058015	0.0406735843623105	0.0403802725908271	0.0399573518361843	0.0394129669242731	0.03856308657359	0.0369377839009568	0.035267720409968	0.0335651009525436	0.0318421034847174	0.0301106955288727	0.0283824575861046	0.0266684184216151	0.0249789067393099	0.0233234231307604	0.0217105353632344	0.0201477991115756	0.0186417051998986	0.0171976533670146	0.0158199515686574	0.0145118389375429	0.0132755297850169	0.0121122754766588	0.0110224406636645	0.0100055902012933
GIPR	0.0794583127651104	0.0800749942987283	0.0807115053810867	0.081192618687676	0.0815133780692086	0.0816705628160371	0.0816626748405636	0.0814898767782531	0.0811538894951136	0.0806578589622863	0.0800062028826162	0.0792044469543891	0.0782590594464593	0.0771772910904864	0.0759670254218538	0.0746366428392013	0.0731948999687835	0.0716508245207853	0.070013624761836	0.0682926120074945	0.0664971341336519	0.0643148027432519	0.0609734898949427	0.0576903417454072	0.0544708253800204	0.0513209494485494	0.0482470452958142	0.0452555533591422	0.042352819894628	0.0395449088864221	0.0368374335273638	0.0342354109607739	0.0317431430861117	0.0293641252139436	0.0271009832757289	0.0249554392212573	0.0229283032372135	0.0210194905507156	0.0192280598842692	0.0175522701295473	0.0159896515159602
LINC02362	0.103279641195388	0.108898387326465	0.11591312466874	0.122861590828133	0.129682935274211	0.136317390135953	0.142707523194848	0.148799348059705	0.154543255473666	0.159894745136296	0.164814952264972	0.169270975981713	0.173236026594489	0.176689415561086	0.17961641544648	0.182008017916087	0.183860616353266	0.185175636730104	0.185959136549734	0.186221387575895	0.185976454103212	0.184319771437331	0.17891296031463	0.173182165432801	0.16716572141747	0.160904478920085	0.154441169091519	0.147819725647019	0.141084584100634	0.134279978938693	0.127449259667879	0.120634245784461	0.113874638819898	0.107207506854294	0.100666853448164	0.0942832790646602	0.0880837390005912	0.0820913978734892	0.0763255770559804	0.0708017882964049	0.0655318442488188
ENSG00000274322	0.129605011960086	0.135478421150732	0.142668379511001	0.149627247889284	0.156290815259446	0.162599028562297	0.168497197279996	0.173936949919512	0.178876921666487	0.183283171826676	0.187129346384445	0.190396613834437	0.193073410828521	0.195155038194314	0.196643148070112	0.197545160103059	0.197873639825957	0.197645666383826	0.196882210513339	0.195607537691692	0.193848646075505	0.19068092120027	0.183733886807312	0.176581094605656	0.169263371896028	0.16182267840106	0.154301496866066	0.146742209316425	0.139186476798509	0.131674640640883	0.124245162576388	0.116934119489616	0.109774766193042	0.102797176644989	0.0960279706055448	0.0894901291107974	0.0832028985638615	0.0771817799086206	0.0714385964498918	0.0659816315452083	0.0608158256980207
PLP1	0.521323022538132	0.542635526031744	0.569114329386663	0.595313601135398	0.62114153176915	0.646524452821295	0.671408531025711	0.695760704294855	0.719568889239069	0.742841533487168	0.765606617652269	0.787910230177877	0.809814844043626	0.831397419300029	0.852747442324215	0.873964994488527	0.89515892237887	0.916445161091311	0.937945243169214	0.959785009491095	0.982093525398867	1	1	1	1	1	1	1	1	1	1	1	1	1	1	1	1	1	1	1	1
ENSG00000291072	0.000220695224503597	0.000235879446557304	0.000255245073879606	0.000274897545237909	0.000294676305884752	0.000314414478115022	0.000333942374253622	0.000353090938635007	0.000371694981596691	0.000389596098089317	0.000406645197048528	0.000422704601148489	0.000437649706645608	0.000451370217536284	0.000463770986053687	0.000474772502569125	0.00048431108290702	0.000492338801092738	0.000498823212044544	0.000503746903017386	0.000507106905960443	0.000506380979612522	0.000495012721401485	0.000482338530071638	0.000468462940005919	0.000453502984248009	0.000437586194919618	0.000420848358959434	0.000403431096907129	0.000385479340321786	0.000367138787561638	0.000348553417677004	0.000329863138125251	0.000311201634191374	0.000292694477007808	0.000274457533730086	0.000256595708694514	0.000239202029270418	0.000222357075564571	0.00020612873996981	0.000190572291402659
A4GALT	0.172041234903052	0.181339099659683	0.192900812651337	0.204298934470363	0.215431524971174	0.226200120893491	0.236511853268814	0.246281256902218	0.255431716154846	0.263896520595055	0.271619531431735	0.278555482592484	0.284669957419032	0.289939092740955	0.294349066887406	0.297895427913731	0.300582314181129	0.302421612742504	0.303432092972739	0.303638544547905	0.303070940981386	0.300261675318399	0.291407553066627	0.282090848138354	0.272371604177265	0.262312683661358	0.251978871227551	0.241435935654133	0.23074967610458	0.219984979376439	0.209204914734837	0.198469891420978	0.187836901194746	0.177358864476684	0.167084094057298	0.15705588525307	0.147312236144047	0.137885696454055	0.128803339021001	0.120086843882234	0.111752681926461
EFNB2	0.076840117353439	0.0809823012120901	0.0861117302780276	0.0911406084654255	0.0960193579058304	0.100700204528538	0.105138234967557	0.109292304636313	0.113125768451598	0.116607019948165	0.119709837905728	0.122413550925938	0.124703038924497	0.126568595986459	0.128005681612851	0.12901458749088	0.129600045134251	0.129770796695874	0.129539147541577	0.12892051528215	0.127932986260273	0.125966776759391	0.121455400787752	0.116762738992436	0.111921369959579	0.106964685005142	0.101926386899816	0.0968399836594376	0.0917382917200514	0.0866529626791055	0.0816140469405021	0.0766496060895654	0.0717853837358226	0.0670445420325759	0.0624474682801527	0.0580116531274716	0.0537516390853953	0.04967903551857	0.0458025941222916	0.042128337209794	0.0386597299819627
EPB41L4A-AS1	0.0327260066596059	0.0345906674786166	0.0369039467255716	0.0391752095576526	0.041380445744974	0.04349633121818	0.0455007716993699	0.0473733815448048	0.0490958812317755	0.050652403713522	0.0520297064757514	0.0532172919355963	0.0542074434173483	0.0549951871307795	0.0555781923777103	0.0559566227810498	0.0561329509194503	0.0561117476477448	0.0558994558677503	0.0555041568268489	0.0549353353499583	0.0539338611577587	0.0518359126627024	0.0496592878813232	0.0474206089795667	0.0451366964306659	0.0428243064974815	0.0404998733172806	0.0381792629067275	0.0358775460085494	0.0336087959623292	0.0313859167399373	0.029220505005006	0.0271227486175664	0.025101362502041	0.0231635613235461	0.0213150670615159	0.0195601484043668	0.0179016879680738	0.0163412726964019	0.0148793024395389
NCF1C	0.146304140639287	0.15607538328199	0.168601939697701	0.18141618770714	0.194452727284125	0.207646161368635	0.220932782132695	0.234252092470004	0.24754810234365	0.260770360486849	0.273874703172833	0.286823721210441	0.29958696243855	0.312140898930958	0.32446869567772	0.336559820993325	0.348409538977836	0.360018321859162	0.371391215833629	0.382537188878904	0.393468483576366	0.402188168815144	0.40319940084461	0.403676268693122	0.40362165039503	0.403041304348135	0.401943827722769	0.400340576610301	0.398245547609496	0.395675221860259	0.392648373884793	0.38918584889625	0.385310313396944	0.381045984834305	0.376418346753072	0.371453856239444	0.366179650485435	0.360623259022741	0.354812327620624	0.34877435906436	0.342536475093205
