gene	p_value_interaction	slope_diff	effect_size_D_q0_01	effect_size_D_q0_05	effect_size_D_q0_1	effect_size_D_q0_15	effect_size_D_q0_2	effect_size_D_q0_25	effect_size_D_q0_3	effect_size_D_q0_35	effect_size_D_q0_4	effect_size_D_q0_45	effect_size_D_q0_5	effect_size_D_q0_55	effect_size_D_q0_6	effect_size_D_q0_65	effect_size_D_q0_7	effect_size_D_q0_75	effect_size_D_q0_8	effect_size_D_q0_85	effect_size_D_q0_9	effect_size_D_q0_95	effect_size_D_q1	effect_size_D_q1_05	effect_size_D_q1_1	effect_size_D_q1_15	effect_size_D_q1_2	effect_size_D_q1_25	effect_size_D_q1_3	effect_size_D_q1_35	effect_size_D_q1_4	effect_size_D_q1_45	effect_size_D_q1_5	effect_size_D_q1_55	effect_size_D_q1_6	effect_size_D_q1_65	effect_size_D_q1_7	effect_size_D_q1_75	effect_size_D_q1_8	effect_size_D_q1_85	effect_size_D_q1_9	effect_size_D_q1_95	effect_size_D_q2	per_q_pattern	div_rare_median	div_abundant_median	q_ratio
CXCL12	3.51900566735508e-86	-0.332213150846578	0.188658573097881	0.199498805608275	0.21309760754298	0.226648712057192	0.240043044366366	0.253173678402067	0.265938121880078	0.278240310614211	0.289992246273158	0.301115242181753	0.311540770783894	0.321210931340251	0.330078575621861	0.338107142075846	0.345270255353345	0.351551149019695	0.356941965911605	0.361442984298853	0.36506181002354	0.3678125662168	0.36971510387004	0.36894869548442	0.360745868023433	0.351897825256454	0.342460185393617	0.332493263477177	0.322061247709981	0.311231291165333	0.300072542612518	0.28865514314402	0.277049216978715	0.265323885099903	0.25354632923605	0.241780931185722	0.230088508810617	0.218525665440156	0.207144264272454	0.19599103396823	0.185107306355784	0.174528882298533	0.16428601756354	Balanced	0.306328006482823	0.271186551039309	1.12958406421276
THY1	2.8523558814015e-30	0.24741489855625	0.086000210334135	0.0914508331885157	0.0983175070082676	0.105185608888361	0.111991521206036	0.118671383744056	0.125162533088653	0.131404836875579	0.137341872424819	0.142921914614739	0.148098713743894	0.152832058941459	0.157088135179231	0.160839691391918	0.164066043409812	0.166752938540903	0.168892309180956	0.170481941402441	0.171525081731873	0.172030001873998	0.172009537479926	0.170627103403838	0.165716958677148	0.160454008256856	0.154880054046482	0.149039378507172	0.142978030509685	0.136743076693144	0.130381839877141	0.123941146820147	0.11746660726984	0.11100194481178	0.104588397578227	0.0982642035928595	0.0920641816251205	0.0860194141748851	0.0801570348825023	0.0745001185275604	0.0690676680735818	0.0638746901152119	0.058932347707348	Balanced	0.145510314179317	0.11423427604081	1.27378856173898
MEF2A	9.7895065358969e-22	-0.126772219465281	0.0251844164417094	0.0265418477606294	0.0282140248146312	0.0298419687498161	0.0314079289757608	0.032894933759941	0.0342871861704485	0.0355704026600609	0.0367320833282038	0.037761708285893	0.0386508596281053	0.0393932728390848	0.0399848247417362	0.0404234672505785	0.0407091172464816	0.0408435130161136	0.0408300471058015	0.0406735843623105	0.0403802725908271	0.0399573518361843	0.0394129669242731	0.03856308657359	0.0369377839009568	0.035267720409968	0.0335651009525436	0.0318421034847174	0.0301106955288727	0.0283824575861046	0.0266684184216151	0.0249789067393099	0.0233234231307604	0.0217105353632344	0.0201477991115756	0.0186417051998986	0.0171976533670146	0.0158199515686574	0.0145118389375429	0.0132755297850169	0.0121122754766588	0.0110224406636645	0.0100055902012933	Rare driven	0.0382062839569991	0.0225169792469974	1.69677662078468
RAP1GDS1	5.00088694498651e-18	0.124004479628724	0.0102055023945774	0.0108339851802079	0.0116204419685183	0.0124004597365545	0.0131660093835157	0.0139091278332434	0.0146221044534245	0.0152976516452254	0.0159290532170849	0.016510286201678	0.0170361138708454	0.0175021496354631	0.0179048931306011	0.0182417409941533	0.0185109756273708	0.0187117356085826	0.0188439714819989	0.0189083904447168	0.0189063930924208	0.0188400049353696	0.0187118049241903	0.0184326490590989	0.0177735108912731	0.0170809903460131	0.0163607643122405	0.0156186654842962	0.0148605867085195	0.0140923852082407	0.0133197894672389	0.0125483114647071	0.0117831667346609	0.0110292043811809	0.0102908487390013	0.00957205385551447	0.00887627141890882	0.00820643220324549	0.00756494057862202	0.00695368117248429	0.00637403638922298	0.00582691321393758	0.00531277754870377	Rare driven	0.0167732000362617	0.0114061855579209	1.47053543457512
GSKIP	1.00644702254961e-16	0.135278397534021	0.13643173550383	0.143594616509314	0.152486436354405	0.161236206381975	0.169766386010995	0.178002264387228	0.18587352141665	0.193315551500026	0.20027051139878	0.206688075633658	0.212525903007685	0.217749834523125	0.222333855128492	0.226259859106869	0.229517261820615	0.232102499695415	0.234018456713047	0.235273850286364	0.235882603126492	0.235863221331022	0.23523819297505	0.232868562221249	0.225809558933944	0.218393730356527	0.21066759152876	0.202680067616909	0.194481788123664	0.186124340838045	0.177659506368409	0.169138495304348	0.160611210167794	0.152125553309059	0.143726799836323	0.135457051676457	0.127354785159725	0.119454500357406	0.111786476059181	0.104376630031983	0.0972464803015338	0.0904131998427355	0.0838897543964459	Rare driven	0.209606989320672	0.156368381738426	1.34046913442708
DUOXA2	3.83189608938579e-10	0.405495436334165	0.663739298002854	0.661887184674485	0.659697404056162	0.65758636074497	0.655487736569895	0.653334947282336	0.651062409684475	0.6486067232068	0.645907725721698	0.64290939606944	0.639560588695953	0.635815597610474	0.631634556599021	0.626983689749192	0.621835430740155	0.616168431248214	0.609967478654623	0.603223341570549	0.595932559081533	0.588097186573811	0.57972450795509	0.567985546500731	0.545787043306374	0.523691240835863	0.501704743743174	0.479846648908839	0.458146558346644	0.436642587908606	0.415379395917502	0.394406260562257	0.373775237526294	0.353539429767664	0.333751399675319	0.314461750186833	0.295717896205557	0.277563041240049	0.260035367106652	0.243167437301295	0.226985807739915	0.211510832398136	0.196756646260798	Rare driven	0.641234992382696	0.363657333646979	1.76329454421281
ING3	4.86330291114772e-10	0.11123825470056	0.00717018923627774	0.00762667413263798	0.00820007635836637	0.00877131056421246	0.00933459349681139	0.0098841366251177	0.0104142814368697	0.0109196252212292	0.0113951324967439	0.0118362286403244	0.0122388737398072	0.0125996160743022	0.0129156258062299	0.0131847103772538	0.013405313713582	0.0135765016789073	0.013697936306473	0.0137698412507933	0.0137929606833897	0.0137685135702809	0.0136981449573532	0.0135162645873934	0.0130541276188802	0.0125653980218607	0.0120541965986032	0.0115247901722733	0.010981520182994	0.0104287305131364	0.00987069665799139	0.00931155831602348	0.00875525732843468	0.00820548265828503	0.00766562377980623	0.00713873346981833	0.00662750058038221	0.00613423295176257	0.0056608502234336	0.00520888594114236	0.00477949805801922	0.00437348669947996	0.00399131791089113	Rare driven	0.0120375511900658	0.00848036999335985	1.41946061309721
EXOC1	8.55651864969335e-09	0.101774970305238	0.0232270495188471	0.0245802295498185	0.0262644406465539	0.0279245820499762	0.0295434838242892	0.0311043437941577	0.0325911166487664	0.0339888610051954	0.0352840321642282	0.0364647129641632	0.0375207797495476	0.0384440045777021	0.0392280980839492	0.0398686997685317	0.040363323846278	0.0407112693137448	0.0409135027050274	0.0409725213228986	0.0408922037402123	0.0406776532368474	0.0403350387034391	0.0396729844680184	0.0382004593972519	0.0366643584090333	0.0350765814054614	0.0334492725484011	0.0317946278105832	0.0301247034820721	0.0284512311205899	0.0267854442325481	0.0251379215079728	0.0235184507312214	0.021935916593472	0.0203982146003568	0.0189121921661035	0.017483616884445	0.0161171709332014	0.0148164696614025	0.0135841016690692	0.0124216871480309	0.0113299509182428	Rare driven	0.0369927463568554	0.0243281861195971	1.52057149575392
THOC6	1.14932245234988e-08	0.16377909081837	0.030756007577951	0.0322947391945733	0.0341719348492387	0.0359779326624202	0.0376922487487235	0.039295704597753	0.0407708734681506	0.0421024466760097	0.0432775091519145	0.0442857203759718	0.0451194029136939	0.0457735457674944	0.0462457333529623	0.0465360130463678	0.046646715046334	0.0465822379834007	0.046348812590108	0.0459542541120655	0.0454077122672527	0.0447194256635597	0.0439004858188885	0.0427487766458328	0.0407506905205458	0.0387207523744945	0.0366729761483046	0.0346210950011505	0.0325783632647159	0.0305573714950678	0.0285698796711661	0.0266266729527817	0.0247374435538165	0.0229107012579174	0.0211537139643859	0.0194724784746069	0.0178717205853028	0.0163549225127236	0.0149243747884847	0.0135812490850002	0.0123256879703608	0.0111569073648195	0.0100733074626206	Rare driven	0.0445025730197658	0.0238240724058669	1.86796666252603
HDAC2	1.77105727523691e-08	0.100436532826208	0.0405751220519641	0.0429065500896959	0.0458052234985594	0.0486591978070904	0.0514392204549328	0.0541167716951018	0.0566647209149999	0.0590579069802314	0.0612736225018967	0.0632919900566622	0.065096226319161	0.0666727970482365	0.0680114714022986	0.0691052879128144	0.069950446626328	0.070546142623547	0.070894355639388	0.0709996091857743	0.0708687107558753	0.0705104826556868	0.0699354909933007	0.0688115695816676	0.0662859075553114	0.0636528429938656	0.0609323033007951	0.0581446275569612	0.0553102498633901	0.0524493836934462	0.0495817162195806	0.0467261212896725	0.0439003990084147	0.0411210487670503	0.0384030811277678	0.0357598722998871	0.0332030631524402	0.0307425029064718	0.0283862359501667	0.0261405287161941	0.0240099323271684	0.0219973757994325	0.0201042840174989	Rare driven	0.0641941081879116	0.0425107238877325	1.5100685736955
SRP72	7.42775246825084e-08	0.0524708215805398	0.0209235156601237	0.0222515030250906	0.0239207332308604	0.025585246662378	0.0272286054223952	0.0288343502007606	0.0303863807031238	0.0318693087413724	0.0332687704947669	0.0345716884251025	0.0357664774830045	0.0368431941370053	0.0377936300655903	0.038611354882372	0.0392917139535924	0.0398317882602064	0.0402303234731037	0.0404876351086108	0.0406054959808871	0.0405870113240871	0.0404364860493415	0.0399594029746838	0.0386544864716565	0.0372698122250454	0.0358168452707332	0.0343075290504364	0.0327540877329039	0.0311688243760539	0.0295639208194768	0.027951245170568	0.0263421724319508	0.0247474232278826	0.0231769247595144	0.0216396971077739	0.0201437668758923	0.0186961089951868	0.0173026163811504	0.015968096088636	0.0146962897289775	0.013489915216367	0.0123507264261973	Rare driven	0.0351690829540535	0.0255447978299167	1.3767610606362
SYNM	2.06496018340218e-07	0.0118245851168302	0.944286491999447	0.946876024779747	0.949717425612326	0.952072260952641	0.953893953986822	0.955140546613345	0.955775062626585	0.95576569015361	0.955085801210927	0.953713835292867	0.951633079323963	0.948831378092806	0.945300807855766	0.941037341866103	0.936040530990989	0.930313216164708	0.923861282924121	0.916693462252004	0.908821176802139	0.900258427511899	0.891021712694628	0.876744323272903	0.846361301880282	0.816091145808838	0.785924987380317	0.755870637919541	0.725950569255309	0.696199814945163	0.666663816701107	0.637396248809355	0.608456858591733	0.579909363831879	0.551819448443099	0.524252895534662	0.497273892672665	0.470943537923269	0.445318567720299	0.42045031929148	0.396383931893016	0.373157782983907	0.350803148178239	Rare driven	0.947853701436277	0.594183111211806	1.59522154627246
TMEM183A	6.70869558855849e-06	-0.0882612991693059	0.0456635810546584	0.0484240387289641	0.0518750089574997	0.055294559191828	0.0586481920963181	0.0619018272520862	0.0650225895581046	0.067979523774196	0.0707442090681047	0.0732912564293086	0.0755986808884824	0.0776481487268324	0.0794251066326434	0.0809188047220035	0.0821222284244283	0.0830319556001669	0.0836479552070118	0.0839733427417074	0.0840141059210667	0.0837788119770628	0.0832783057890089	0.0821146525022573	0.0792641572980049	0.076267886441883	0.0731495939265136	0.0699337531409489	0.0666451642017557	0.0633085582382581	0.0599482100035956	0.0565875699579544	0.0532489261949283	0.0499531052952481	0.0467192194729315	0.0435644653391085	0.0405039773827409	0.0375507369991195	0.0347155357265369	0.032006989402923	0.0294315983256743	0.0269938472555546	0.0246963382811163	Rare driven	0.0744449686588955	0.0516010157450882	1.44270355115988
CENPV	1.59913057363385e-05	0.0407998232372472	0.0944559729170168	0.0997037976059278	0.106221720023317	0.112633745782738	0.11887660564711	0.12488883561264	0.130612148485998	0.135992633409137	0.140981743793517	0.145537051689997	0.149622763436827	0.153210005950551	0.156276904263065	0.158808478451186	0.160796392047591	0.162238584831482	0.163138821261546	0.163506182497073	0.163354525685305	0.162701929594571	0.161570141218308	0.159187745737836	0.153572154098129	0.147709622947501	0.14164235677387	0.135413769618281	0.129067817417964	0.122648321874058	0.116198305155315	0.109759354590507	0.103371035390884	0.0970703674311903	0.0908913793259108	0.0848647496489509	0.0790175413851318	0.073373031816765	0.0679506362820204	0.0627659208136774	0.0578306957553126	0.0531531801817648	0.048738225387891	Rare driven	0.147579907563412	0.100220701411037	1.47254913890634
SNHG10	3.82379000510193e-05	0.086403846994524	0.0534153515648087	0.0565780013939212	0.0605245542107413	0.064427115190451	0.0682463584237488	0.0719436101521532	0.0754817378062908	0.0788259485406301	0.0819444687077633	0.0848090861847776	0.0873955478793119	0.0896838140847789	0.0916581789187938	0.093307271509591	0.0946239558538442	0.095605148564977	0.0962515734308943	0.0965674702420314	0.0965602731715795	0.0962402714750569	0.0956202627320514	0.0942437806671659	0.0909370766412781	0.0874692890506941	0.0838673105888518	0.0801588055435348	0.0763717709678491	0.0725340947089609	0.0686731229602612	0.0648152497573354	0.0609855399787432	0.0572073959817175	0.0535022760879822	0.0498894708604715	0.0463859406276551	0.0430062151791903	0.0397623541313837	0.0366639642823089	0.0337182684544112	0.0309302189313654	0.0283026476717026	Rare driven	0.0861023170320447	0.0590964679802304	1.4569790712509
UBP1	5.51622505586039e-05	0.0634756854414809	0.004139885343197	0.00438872874605004	0.00469889827681157	0.00500505571928618	0.00530393366074215	0.00559231858211489	0.00586712708825604	0.00612547478966764	0.00636473529748442	0.00658258766634855	0.00677705150058419	0.0069465097401189	0.00708971980200322	0.00720581423814868	0.00729429237385579	0.00735500453006293	0.00738813043390483	0.0073941533228793	0.00737383108364331	0.0073281655694565	0.00725837103642403	0.00713017591154804	0.00685574773140478	0.00656967976581977	0.00627429680063838	0.00597195894645862	0.00566502339089697	0.00535580679290385	0.00504654940026207	0.00473938190975594	0.00443629597757501	0.00413911913145815	0.00384949464554475	0.00356886672610591	0.00329847113497871	0.00303933116148372	0.00279225865564962	0.00255785966632873	0.0023365440949427	0.00212853868352275	0.00193390260539641	Rare driven	0.00667981958346637	0.00428770755451658	1.55789999633487
FAXDC2	6.50964420557045e-05	-0.106794672223397	0.161388694377773	0.170877151383159	0.18279612472723	0.194688841943969	0.20645675635237	0.218002530818985	0.229232128560473	0.2400566705882	0.250393996111236	0.260169888504563	0.269318955045396	0.277785171078978	0.285522116967372	0.292492948345861	0.298670146889097	0.304035100593756	0.308577560503411	0.312295015970859	0.315192024084876	0.317279521749457	0.318574141854366	0.317509304889221	0.309996248453274	0.301892189422205	0.293250966109989	0.284130855364714	0.274593739271376	0.264704192708801	0.254528516315048	0.244133742074612	0.233586640097682	0.222952755099055	0.212295499594311	0.201675328016871	0.191149012025797	0.18076903250432	0.170583098476972	0.160633797750096	0.150958378842564	0.141588659013652	0.132551049142396	Balanced	0.264744421774979	0.228269697598369	1.15978784990019
ATG5	0.000226213042363109	-0.040678620972815	0.0304427787890816	0.0324242369011694	0.0349236685320678	0.0374265768955436	0.0399090512928004	0.0423469625328866	0.0447165155708107	0.0469947683762765	0.0491600968570001	0.051192591197449	0.0530743748654873	0.0547898431460112	0.056325822894455	0.0576716589649867	0.0588192353459712	0.0597629404737292	0.0604995866509702	0.0610282931873658	0.0613503420442629	0.0614690136270112	0.0613894091150924	0.060814060665721	0.0589744911958683	0.0570053109038127	0.0549229708692283	0.0527448038703523	0.0504887356422287	0.0481729855817758	0.0458157656536711	0.0434349863884548	0.0410479785635647	0.0386712384310119	0.0363202032469346	0.0340090624423325	0.0317506081470694	0.0295561270495598	0.0274353338536528	0.0253963449855308	0.0234456897941124	0.0215883553432349	0.0198278600519258	Rare driven	0.0521334830314682	0.0398596084972883	1.30792762390064
GLB1L2	0.000382465475973376	0.0832353222606397	0.0349775467198001	0.0371250667117603	0.039812576722015	0.0424785235899944	0.0450957296917216	0.0476372549635039	0.0500770249955455	0.0523904046455606	0.0545546958029261	0.056549544891802	0.0583572528056864	0.0599629864935045	0.0613548968477996	0.0625241515905771	0.0634648944428932	0.0641741431074117	0.0646516387134562	0.0648996586546378	0.064922803481241	0.0647277669564229	0.0643230967607307	0.0634018035636751	0.0611745722011477	0.0588323517382353	0.0563941564159358	0.0538795580419672	0.0513083672394608	0.0487003132299725	0.0460747314106802	0.0434502677457967	0.0408446083071967	0.0382742412043683	0.0357542567066301	0.0332981896745918	0.0309179065938794	0.0286235376596154	0.0264234526082224	0.0243242774329532	0.022330947828462	0.0204467942385896	0.0186736527530698	Rare driven	0.0574533988487442	0.0395594247557825	1.45233150389393
ETFRF1	0.000382465475973376	-0.0884024219851343	0.0474187043353111	0.0504556390165917	0.0542903452165307	0.0581369917722793	0.0619615691892935	0.0657298525483918	0.0694081686466907	0.0729641075109569	0.0763671511844928	0.0795892009158285	0.0826049924318323	0.0853923969571719	0.087932612377512	0.0902102540450221	0.0922133580702998	0.0939333116343305	0.0953647251398525	0.0965052602369358	0.097355426255306	0.0979183556818195	0.0981995673059932	0.0977179195709731	0.0952218473682551	0.0925209893872948	0.0896363405943604	0.0865903994105672	0.0834068132529735	0.0801100010189622	0.0767247631560152	0.0732758905782056	0.0697877837645035	0.0662840928867681	0.062787388794834	0.0593188732012633	0.0558981345625112	0.0525429540738392	0.0492691640212885	0.0460905586027505	0.0430188553654067	0.0400637037091236	0.0372327355459704	Balanced	0.0810970966738304	0.0680359383256358	1.19197439867267
SRPRA	0.000382465475973376	0.107767837352815	0.0203498592206959	0.0215647430478436	0.0230788303216944	0.0245732595793897	0.0260322542387349	0.027440310285734	0.0287825613652248	0.0300451078181034	0.0312152976585662	0.0322819517087434	0.033235529348196	0.0340682351732743	0.034774070002609	0.0353488319562106	0.0357900747524389	0.0360970309866495	0.0362705081207274	0.0363127643976486	0.0362273710745552	0.0360190663970172	0.0356936057402542	0.0350821237622178	0.0337516405802749	0.0323637243553032	0.0309295172869224	0.0294603559732421	0.0279675886538467	0.0264623947122302	0.0249556116264206	0.0234575742987647	0.0219779711944524	0.0205257210006058	0.0191088726278757	0.0177345303717883	0.0164088049965151	0.0151367904658091	0.0139225650865339	0.012769215001722	0.0116788773109809	0.0106527996291404	0.00969141262604462	Rare driven	0.0327587405284697	0.0212518460975291	1.54145387549548
SLC25A16	0.000437954817987008	0.0580461859865894	0.00243372493127398	0.00258194606798689	0.00276705106386748	0.002950186720045	0.0031294268356071	0.00330286900394855	0.00346867953053136	0.00362513429299598	0.00377065402327568	0.00390383299403897	0.00402346060326848	0.00412853581955547	0.00421827483968308	0.00429211259908271	0.00434969896016858	0.00439089049142329	0.00441573875769753	0.00442447598992185	0.00441749891118625	0.00439535138472197	0.00435870643290821	0.00428690413293466	0.00412694089901815	0.00395960816729643	0.00378627564075379	0.003608341044712	0.00342720730753804	0.00324425995024487	0.0030608453383888	0.0028782504194906	0.00269768450824318	0.00252026359335905	0.00234699752951935	0.0021787803526295	0.00201638382460999	0.00186045418357964	0.00171151195435965	0.00156995456933828	0.00143606146582122	0.00131000126600203	0.00119184061056708	Rare driven	0.00396364679865372	0.00260897405080112	1.51923580743804
CYP2W1	0.000950946383296993	0.182606442550505	0.108900375788538	0.116593201815259	0.126465267263113	0.136561547636562	0.146813038475412	0.157147500836597	0.16749098540303	0.17776931992124	0.187909498188608	0.197840922714532	0.207496468924182	0.216813354473297	0.225733811359276	0.234205569998956	0.242182172771123	0.24962313963439	0.256494010629939	0.262766289893059	0.268417313860878	0.273430063312103	0.277792935276812	0.280098380274132	0.276624511573861	0.272459863579907	0.267634913945301	0.262186663422312	0.256158081971746	0.249597422112899	0.24255741784535	0.235094392311538	0.227267301135897	0.219136740809926	0.21076395243084	0.202209850498974	0.193534104409771	0.184794296924012	0.17604517953681	0.167338039622847	0.15872018886812	0.150234577154675	0.141919531054737	Balanced	0.202668695819357	0.223202020972911	0.908005648586637
IRF3	0.00103871874965927	-0.0382338247803777	0.0242303494267038	0.0255955142419379	0.0272869082505709	0.0289450323760661	0.0305523132336876	0.0320917386071297	0.0335472537716159	0.0349041081851298	0.0361491407195961	0.0372709966660151	0.0382602746358208	0.0391096057425212	0.0398136707876326	0.0403691634636669	0.0407747088412295	0.0410307467532057	0.041139389317868	0.0411042609703444	0.0409303282059374	0.0406237249570294	0.0401915782647893	0.0394445285125121	0.037897571009085	0.0362952955824109	0.0346497824564999	0.0329732269948858	0.0312777515458279	0.0295752211761208	0.0278770684848907	0.0261941323879933	0.0245365152209397	0.022913461752821	0.0213332627815837	0.0198031849509611	0.0183294273574282	0.0169171044686884	0.0155702539153675	0.0142918668963797	0.0130839382933566	0.0119475331420259	0.0108828658636647	Rare driven	0.037765635650918	0.0237249884868804	1.59180838683239
SPIRE2	0.00107608168068652	0.0386354210191823	0.0354204899910181	0.0371078716862515	0.0391641488312461	0.0411411365117063	0.0430178556343074	0.0447747924752964	0.046394327568196	0.0478610784624187	0.0491621477770815	0.0502872748263185	0.0512288951256683	0.0519821168388579	0.0525446264624013	0.0529165377637631	0.053100198351435	0.0530999675360626	0.0529219776621306	0.0525738891665274	0.052064647529809	0.0514042482436056	0.0506035140723729	0.0494266455750198	0.047273143615548	0.0450795655168662	0.042859907142176	0.0406280557182458	0.0383975927338157	0.0361816043127656	0.0339925043436564	0.031841875250184	0.0297403306422002	0.0276974032291574	0.025721460359337	0.0238196484336363	0.0219978663031026	0.0202607666655605	0.0186117834926792	0.0170531826966637	0.0155861326216839	0.0142107905378863	0.0129264011267373	Rare driven	0.0507580849759934	0.0287188669356788	1.76741251977926
VRK2	0.00116000204882923	0.0506625355489378	0.0176660444412968	0.0188046667632366	0.0202385724467735	0.0216716048988545	0.0230898012833198	0.0244791216582073	0.0258257728696989	0.0271165111696304	0.0283389118542436	0.0294815975228299	0.0305344200428969	0.0314885946090797	0.0323367871133204	0.0330731582328883	0.0336933691296163	0.0341945544690866	0.0345752687076629	0.034835411389047	0.0349761366812352	0.0349997517007773	0.0349096074241707	0.0345372233109257	0.0334478979291913	0.032287220949659	0.0310648890938398	0.0297910522343801	0.0284761445413557	0.0271307110527718	0.025765234735934	0.0243899691222429	0.0230147813633577	0.0216490100822123	0.0203013417074263	0.0189797081295748	0.0176912075597524	0.0164420494681979	0.0152375234970379	0.0140819913345462	0.0129788997566227	0.0119308124189509	0.0109394575400074	Rare driven	0.0300080087828634	0.022331895722785	1.34372868095773
HIGD1A	0.0013261471209317	0.13818630488195	0.116268555618304	0.122624435070157	0.13051043970954	0.138260264238116	0.145798834380384	0.153053584285873	0.159956062321257	0.166443317170678	0.172459019964428	0.177954299621951	0.182888288853904	0.187228395505151	0.190950327010778	0.194037904259629	0.196482705298211	0.198283579683085	0.199446071771138	0.199981786769915	0.199907727842935	0.199245626723961	0.198021284702813	0.195287071739358	0.18860327593126	0.181626658408237	0.174405611246097	0.166989961422869	0.159430227681014	0.151776865156218	0.144079518950444	0.136386307828459	0.12874315817057	0.121193206263145	0.113776284074916	0.106528500041848	0.0994819223074872	0.0926643676066897	0.0860992948076843	0.0798057982865324	0.0737986930024681	0.0680886805186349	0.0626825833531277	Rare driven	0.180421294237928	0.124968182216858	1.44373784620506
ENSG00000274322	0.00167600472645849	0.186820287304635	0.129605011960086	0.135478421150732	0.142668379511001	0.149627247889284	0.156290815259446	0.162599028562297	0.168497197279996	0.173936949919512	0.178876921666487	0.183283171826676	0.187129346384445	0.190396613834437	0.193073410828521	0.195155038194314	0.196643148070112	0.197545160103059	0.197873639825957	0.197645666383826	0.196882210513339	0.195607537691692	0.193848646075505	0.19068092120027	0.183733886807312	0.176581094605656	0.169263371896028	0.16182267840106	0.154301496866066	0.146742209316425	0.139186476798509	0.131674640640883	0.124245162576388	0.116934119489616	0.109774766193042	0.102797176644989	0.0960279706055448	0.0894901291107974	0.0832028985638615	0.0771817799086206	0.0714385964498918	0.0659816315452083	0.0608158256980207	Rare driven	0.185206259105561	0.120589641033002	1.53583887902008
PNPT1	0.00232107335297232	0.0813279866304315	0.0514946748137746	0.0547415013440785	0.0588256572149383	0.0629028340160711	0.0669341684231978	0.0708807446364754	0.0747044796193525	0.0783689420089962	0.0818400737793791	0.0850867931770343	0.0880814672325951	0.0908002512544604	0.0932233003793395	0.0953348640520954	0.0971232781048451	0.0985808710239054	0.0997038013258329	0.100491842093554	0.100948127052692	0.101078870466307	0.100893070898092	0.0999024750407957	0.0968458703174511	0.0935872883018797	0.0901529319952498	0.086570336383011	0.0828679207393555	0.0790745248237484	0.0752189423913122	0.071329465676098	0.0674334540709878	0.0635569391355954	0.0597242763806435	0.0559578521158348	0.0522778511547586	0.0487020885117202	0.0452459055727535	0.0419221287363725	0.038741086334258	0.0357106778593184	0.0328364882104354	Rare driven	0.0865841302048147	0.0654951966032916	1.32199206499463
TLN2	0.00321804390065589	-0.0633016802617888	0.124195619359247	0.130286192348392	0.137786958396326	0.145097337167683	0.152149129054299	0.158877616039828	0.165222902810025	0.171131021475743	0.176554771190792	0.181454283985997	0.185797326025447	0.189559357783116	0.192723386587478	0.195279650490278	0.197225173906152	0.198563233708318	0.199302770378075	0.199457773323675	0.199046663432622	0.198091689956242	0.196618353410591	0.193686006296803	0.186878657754261	0.179822609779282	0.17256125921882	0.165139415860628	0.157602648211308	0.14999660994863	0.142366366246139	0.134755739556374	0.127206693844699	0.11975877470631	0.112448620367855	0.105309555433598	0.0983712755978967	0.0916596276556664	0.0851964852529786	0.0789997171678057	0.0730832416975438	0.0674571581068577	0.0621279441502522	Rare driven	0.183625805005722	0.123482734275504	1.48705651914082
ANGEL2	0.00442295213425278	0.0439815551680307	0.00912782049871865	0.00968860603145566	0.0103907535486289	0.0110877293587525	0.011772504137664	0.0124381045682812	0.0130777750449894	0.0136851254070854	0.0142542592097714	0.0147798788332141	0.0152573655587984	0.015682834420832	0.0160531650375682	0.0163660106634842	0.0166197883676941	0.016813653559057	0.0169474621050147	0.0170217231016259	0.0170375450218548	0.0169965775659125	0.016900951116547	0.0166698295550935	0.0160952446002333	0.0154900000143624	0.0148589825340186	0.0142072374263001	0.0135398865142159	0.0128620454040294	0.012178742308173	0.0114948408137441	0.0108149687869949	0.0101434553365577	0.00948427739893513	0.00884101708244336	0.00821683043857495	0.00761442785292684	0.0070360657909414	0.00648354922291983	0.00595824370883517	0.00546109586044601	0.00499266072288831	Rare driven	0.0150186221960062	0.0104792120617763	1.43318239076274
ASMTL	0.00468466208162928	-0.166201084817176	0.0401278912070455	0.0421016898721773	0.0445052880489236	0.0468127164658775	0.0489978083693491	0.051036174190643	0.0529057659543293	0.0545873355275447	0.0560647738877854	0.0573253273144197	0.0583596942577223	0.0591620129793336	0.0597297545536503	0.0600635384144733	0.0601668884937553	0.060045947447193	0.0597091648832645	0.059166973301172	0.0584314629483127	0.0575160643075992	0.0564352446163007	0.0549294549405233	0.0523394899811851	0.0497122760098838	0.047065623514891	0.0444169504320265	0.0417830339634546	0.0391797794772314	0.0366220127715656	0.0341233011746266	0.0316958078630491	0.0293501824815449	0.02709548971117	0.0249391759540491	0.0228870728689787	0.0209434351901865	0.0191110091617523	0.0173911270745784	0.0157838228307327	0.0142879631878425	0.0129013893392232	Rare driven	0.0574206958110094	0.030522995172297	1.88122743154397
A4GALT	0.0426790219281135	0.11388959228002	0.172041234903052	0.181339099659683	0.192900812651337	0.204298934470363	0.215431524971174	0.226200120893491	0.236511853268814	0.246281256902218	0.255431716154846	0.263896520595055	0.271619531431735	0.278555482592484	0.284669957419032	0.289939092740955	0.294349066887406	0.297895427913731	0.300582314181129	0.302421612742504	0.303432092972739	0.303638544547905	0.303070940981386	0.300261675318399	0.291407553066627	0.282090848138354	0.272371604177265	0.262312683661358	0.251978871227551	0.241435935654133	0.23074967610458	0.219984979376439	0.209204914734837	0.198469891420978	0.187836901194746	0.177358864476684	0.167084094057298	0.15705588525307	0.147312236144047	0.137885696454055	0.128803339021001	0.120086843882234	0.111752681926461	Rare driven	0.267758026013395	0.203837403077907	1.31358632895778
