gene	gene_name	n_transcripts	max_delta_influence	n_switching_transcripts	n_fdr_significant	q_value
ENSG00000122912.16	SLC25A16	6	0.139527656637812	0	3	0
ENSG00000153560.13	UBP1	4	0.0901684400555602	0	1	0
ENSG00000166582.12	CENPV	5	0	0	0	0
ENSG00000073067.14	CYP2W1	2	0.721347520444482	0	0	0
ENSG00000071243.17	ING3	6	0.209291484956718	4	2	0
ENSG00000181061.15	HIGD1A	3	0.227559806656709	0	1	0
ENSG00000140274.15	DUOXA2	2	0.961796693925976	2	2	0
ENSG00000170271.12	FAXDC2	5	0.155333733639903	3	2	0
ENSG00000131652.15	THOC6	3	0.113779903328355	0	1	0
ENSG00000182253.15	SYNM	2	0	0	0	0
ENSG00000182934.13	SRPRA	3	0.113779903328355	0	1	0
ENSG00000138698.16	RAP1GDS1	8	0.240449173481494	3	3	0
ENSG00000028116.19	VRK2	5	0	0	0	0
ENSG00000107562.18	CXCL12	3	0.113779903328355	0	1	0
ENSG00000090989.19	EXOC1	5	0.155333733639903	1	2	0
ENSG00000174606.15	ANGEL2	7	0.0642372927962189	0	2	0
ENSG00000163444.13	TMEM183A	7	0.128474585592438	0	2	0
ENSG00000196591.13	HDAC2	6	0.279055313275624	1	3	0
ENSG00000057663.17	ATG5	5	0	0	0	0
ENSG00000126456.17	IRF3	5	0.0776668668199515	0	1	0
ENSG00000204991.12	SPIRE2	6	0.0697638283189059	0	1	0
ENSG00000169093.17	ASMTL	2	0.18033688011112	0	0	0
ENSG00000205707.12	ETFRF1	3	0	0	0	0
ENSG00000100744.16	GSKIP	3	0.227559806656709	0	0	0
ENSG00000138035.16	PNPT1	5	0.388334334099758	1	2	0
ENSG00000171914.18	TLN2	9	0.284449758320887	3	3	0
ENSG00000174780.18	SRP72	5	0	0	0	0
ENSG00000154096.15	THY1	3	0.568899516641773	3	1	0
ENSG00000149328.17	GLB1L2	3	0	0	0	0
ENSG00000247092.10	SNHG10	4	0.0901684400555602	0	2	0
ENSG00000068305.20	MEF2A	5	0.233000600459854	0	2	0
ENSG00000274322.1	ENSG00000274322	2	0.18033688011112	0	0	0
ENSG00000128274.18	A4GALT	4	0.270505320166681	2	1	0
ENSG00000122912.16	SLC25A16	6	0.0428269350292545	1	0	0.5
ENSG00000153560.13	UBP1	4	0.0184447482823322	0	0	0.5
ENSG00000166582.12	CENPV	5	0.018883999012312	1	0	0.5
ENSG00000073067.14	CYP2W1	2	0.255500022368998	0	0	0.5
ENSG00000071243.17	ING3	6	0.0577981424486508	5	1	0.5
ENSG00000181061.15	HIGD1A	3	0.135146600500205	0	0	0.5
ENSG00000140274.15	DUOXA2	2	0.311521852067297	1	1	0.5
ENSG00000170271.12	FAXDC2	5	0.0658322765311648	3	0	0.5
ENSG00000131652.15	THOC6	3	0.0362118901677177	0	0	0.5
ENSG00000182253.15	SYNM	2	0.0358099884706781	0	0	0.5
ENSG00000182934.13	SRPRA	3	0.0151002079910565	0	0	0.5
ENSG00000138698.16	RAP1GDS1	8	0.0421155171392926	3	2	0.5
ENSG00000028116.19	VRK2	5	0.0278820055277556	2	0	0.5
ENSG00000107562.18	CXCL12	3	0.163872404744268	0	1	0.5
ENSG00000090989.19	EXOC1	5	0.0446221582259557	0	0	0.5
ENSG00000174606.15	ANGEL2	7	0.0260397144568318	2	1	0.5
ENSG00000163444.13	TMEM183A	7	0.0249791896904407	2	0	0.5
ENSG00000196591.13	HDAC2	6	0.0572211339764329	2	1	0.5
ENSG00000057663.17	ATG5	5	0.0555770020603285	1	1	0.5
ENSG00000126456.17	IRF3	5	0.0420774093859859	2	0	0.5
ENSG00000204991.12	SPIRE2	6	0.0207154844814437	0	0	0.5
ENSG00000169093.17	ASMTL	2	0.0787870201492501	1	0	0.5
ENSG00000205707.12	ETFRF1	3	0.0707450075372851	0	0	0.5
ENSG00000100744.16	GSKIP	3	0.0890098958519303	0	0	0.5
ENSG00000138035.16	PNPT1	5	0.135672261959026	0	1	0.5
ENSG00000171914.18	TLN2	9	0.0518924005202726	1	2	0.5
ENSG00000174780.18	SRP72	5	0.0357552769434843	0	0	0.5
ENSG00000154096.15	THY1	3	0.0751193965862556	1	0	0.5
ENSG00000149328.17	GLB1L2	3	0.0812603412202672	0	0	0.5
ENSG00000247092.10	SNHG10	4	0.044118924525858	0	0	0.5
ENSG00000068305.20	MEF2A	5	0.0717883613062921	2	0	0.5
ENSG00000274322.1	ENSG00000274322	2	0.0980267562116573	0	0	0.5
ENSG00000128274.18	A4GALT	4	0.105172410121777	0	1	0.5
ENSG00000122912.16	SLC25A16	6	0.0352740476415443	1	1	1
ENSG00000153560.13	UBP1	4	0.0197198161518792	1	0	1
ENSG00000166582.12	CENPV	5	0.0181383480700094	1	0	1
ENSG00000073067.14	CYP2W1	2	0.346977029300313	0	0	1
ENSG00000071243.17	ING3	6	0.040152000444992	4	1	1
ENSG00000181061.15	HIGD1A	3	0.134792178609039	0	0	1
ENSG00000140274.15	DUOXA2	2	0.362631407479441	1	1	1
ENSG00000170271.12	FAXDC2	5	0.128751482677245	3	0	1
ENSG00000131652.15	THOC6	3	0.0351015233258924	0	0	1
ENSG00000182253.15	SYNM	2	0.0556289471658055	0	0	1
ENSG00000182934.13	SRPRA	3	0.0245426588586488	0	0	1
ENSG00000138698.16	RAP1GDS1	8	0.0389692424531413	1	1	1
ENSG00000028116.19	VRK2	5	0.0234377242341989	2	0	1
ENSG00000107562.18	CXCL12	3	0.156304496230007	0	1	1
ENSG00000090989.19	EXOC1	5	0.0618208652515062	1	0	1
ENSG00000174606.15	ANGEL2	7	0.0305545536015872	2	1	1
ENSG00000163444.13	TMEM183A	7	0.0421877101489722	2	1	1
ENSG00000196591.13	HDAC2	6	0.0712048143131495	2	0	1
ENSG00000057663.17	ATG5	5	0.0435602641381896	0	0	1
ENSG00000126456.17	IRF3	5	0.0472703922961411	2	1	1
ENSG00000204991.12	SPIRE2	6	0.0178540308623713	1	0	1
ENSG00000169093.17	ASMTL	2	0.0544479137647961	1	0	1
ENSG00000205707.12	ETFRF1	3	0.0648443240710516	0	0	1
ENSG00000100744.16	GSKIP	3	0.151789834294628	1	0	1
ENSG00000138035.16	PNPT1	5	0.11813692703097	1	1	1
ENSG00000171914.18	TLN2	9	0.0596345652767583	1	2	1
ENSG00000174780.18	SRP72	5	0.0341118824151552	1	0	1
ENSG00000154096.15	THY1	3	0.0918036007953905	0	0	1
ENSG00000149328.17	GLB1L2	3	0.0389702912166247	0	0	1
ENSG00000247092.10	SNHG10	4	0.0544093571271396	0	0	1
ENSG00000068305.20	MEF2A	5	0.0598278460602935	3	1	1
ENSG00000274322.1	ENSG00000274322	2	0.0929936619896508	0	0	1
ENSG00000128274.18	A4GALT	4	0.0921666738892003	0	0	1
ENSG00000122912.16	SLC25A16	6	0.0426223551335726	1	0	1.5
ENSG00000153560.13	UBP1	4	0.0181167057517157	1	0	1.5
ENSG00000166582.12	CENPV	5	0.01949594473368	1	0	1.5
ENSG00000073067.14	CYP2W1	2	0.38074626672227	0	0	1.5
ENSG00000071243.17	ING3	6	0.0527803254346324	3	0	1.5
ENSG00000181061.15	HIGD1A	3	0.124934669406134	0	0	1.5
ENSG00000140274.15	DUOXA2	2	0.385516567603988	1	1	1.5
ENSG00000170271.12	FAXDC2	5	0.139075406429662	1	0	1.5
ENSG00000131652.15	THOC6	3	0.0345535411112232	0	0	1.5
ENSG00000182253.15	SYNM	2	0.0658368164369191	0	0	1.5
ENSG00000182934.13	SRPRA	3	0.0220489555674396	0	0	1.5
ENSG00000138698.16	RAP1GDS1	8	0.054428569018651	1	1	1.5
ENSG00000028116.19	VRK2	5	0.0239447423695463	2	0	1.5
ENSG00000107562.18	CXCL12	3	0.12334407935359	0	0	1.5
ENSG00000090989.19	EXOC1	5	0.069284131132936	1	0	1.5
ENSG00000174606.15	ANGEL2	7	0.0329291505122208	2	0	1.5
ENSG00000163444.13	TMEM183A	7	0.0504253095316236	2	0	1.5
ENSG00000196591.13	HDAC2	6	0.0972846242003439	2	0	1.5
ENSG00000057663.17	ATG5	5	0.0315215909503477	1	0	1.5
ENSG00000126456.17	IRF3	5	0.0536296972442375	2	1	1.5
ENSG00000204991.12	SPIRE2	6	0.0178652913127171	1	0	1.5
ENSG00000169093.17	ASMTL	2	0.0406423359592991	1	0	1.5
ENSG00000205707.12	ETFRF1	3	0.0689119589297466	0	0	1.5
ENSG00000100744.16	GSKIP	3	0.175461876615237	1	0	1.5
ENSG00000138035.16	PNPT1	5	0.113156395011786	2	1	1.5
ENSG00000171914.18	TLN2	9	0.0854462718753833	2	0	1.5
ENSG00000174780.18	SRP72	5	0.0264577991810992	1	0	1.5
ENSG00000154096.15	THY1	3	0.101685414454228	0	0	1.5
ENSG00000149328.17	GLB1L2	3	0.0462282895183863	1	0	1.5
ENSG00000247092.10	SNHG10	4	0.0641120567391397	0	0	1.5
ENSG00000068305.20	MEF2A	5	0.0596472326129678	3	1	1.5
ENSG00000274322.1	ENSG00000274322	2	0.0817557655575287	0	0	1.5
ENSG00000128274.18	A4GALT	4	0.0819311821239707	0	0	1.5
ENSG00000122912.16	SLC25A16	6	0.0526383986297342	1	0	2
ENSG00000153560.13	UBP1	4	0.019723391056145	0	0	2
ENSG00000166582.12	CENPV	5	0.0191191876968527	1	0	2
ENSG00000073067.14	CYP2W1	2	0.39246618797276	0	0	2
ENSG00000071243.17	ING3	6	0.060135127040936	3	0	2
ENSG00000181061.15	HIGD1A	3	0.111458884764074	0	1	2
ENSG00000140274.15	DUOXA2	2	0.391079319061976	1	0	2
ENSG00000170271.12	FAXDC2	5	0.137343468087916	0	0	2
ENSG00000131652.15	THOC6	3	0.0326655435123105	1	0	2
ENSG00000182253.15	SYNM	2	0.0702921084327797	0	0	2
ENSG00000182934.13	SRPRA	3	0.0202697040579068	1	0	2
ENSG00000138698.16	RAP1GDS1	8	0.0696080678933584	0	0	2
ENSG00000028116.19	VRK2	5	0.0238517085961144	2	0	2
ENSG00000107562.18	CXCL12	3	0.111890368744757	0	0	2
ENSG00000090989.19	EXOC1	5	0.07208418115099	1	0	2
ENSG00000174606.15	ANGEL2	7	0.0352337767448032	1	0	2
ENSG00000163444.13	TMEM183A	7	0.0520708082847875	2	0	2
ENSG00000196591.13	HDAC2	6	0.109037898155319	2	0	2
ENSG00000057663.17	ATG5	5	0.0473707557648369	2	0	2
ENSG00000126456.17	IRF3	5	0.0462043519489848	2	0	2
ENSG00000204991.12	SPIRE2	6	0.0205731093330086	0	0	2
ENSG00000169093.17	ASMTL	2	0.0356447627783274	0	0	2
ENSG00000205707.12	ETFRF1	3	0.0857593309495321	0	0	2
ENSG00000100744.16	GSKIP	3	0.191165857933275	1	0	2
ENSG00000138035.16	PNPT1	5	0.134225655415361	2	1	2
ENSG00000171914.18	TLN2	9	0.108036352289845	2	0	2
ENSG00000174780.18	SRP72	5	0.0215337648140321	1	0	2
ENSG00000154096.15	THY1	3	0.107819778119036	0	0	2
ENSG00000149328.17	GLB1L2	3	0.049875086795935	1	0	2
ENSG00000247092.10	SNHG10	4	0.0732075774502973	0	0	2
ENSG00000068305.20	MEF2A	5	0.0716114148612886	1	2	2
ENSG00000274322.1	ENSG00000274322	2	0.075943766039991	0	0	2
ENSG00000128274.18	A4GALT	4	0.085653305431381	1	0	2
