gene	p_interaction	p_raw	n_observations	n_subjects	n_effective	rho_ar1	test_statistic	effect_size	df_residual	model_converged	slope_diff	arima_transformation	bounded_support_model	family_used	heteroscedasticity_detected	variance_ratio_q	fit_method	shapiro_p_value	residuals_normal	n_residuals_tested	ci_weighted	adj_p_interaction	gene_id	gene_name
1	CXCL12	3.93409205363582e-164	3.93409205363582e-164	648	8	3.89016375972434	0.35	752.508550263659	0.812682826494757	640.020570116676	TRUE	-0.372531140217646	TRUE	FALSE	Gaussian	TRUE	4.35009845766483	mgcv::gamm_arima(1,1,0)	3.2593400880222e-07	FALSE	648	FALSE	3.42266008666316e-162	ENSG00000107562.18	CXCL12
2	MEF2A	7.8990056346032e-102	7.8990056346032e-102	648	8	3.89016375972434	0.35	465.593885205759	0.273349940985884	640.036539294375	TRUE	-0.172575699009471	TRUE	FALSE	Gaussian	TRUE	3.58917716840308	mgcv::gamm_arima(1,1,0)	5.75659428301351e-11	FALSE	648	FALSE	6.79314484575875e-100	ENSG00000068305.20	MEF2A
3	PNPT1	1.08301985628256e-78	1.08301985628256e-78	648	8	3.89016375972434	0.35	359.043767902334	0.658446239210733	640.049604565954	TRUE	0.157475204195479	TRUE	FALSE	Gaussian	TRUE	3.48732105788141	mgcv::gamm_arima(1,1,0)	6.22801963877735e-11	FALSE	648	FALSE	9.20566877840178e-77	ENSG00000138035.16	PNPT1
4	ING3	2.72320136224343e-77	2.72320136224343e-77	648	8	3.89016375972434	0.35	352.594488001817	0.353255990217132	640.367600381635	TRUE	0.113577742782302	TRUE	FALSE	Gaussian	TRUE	4.45072637722399	mgcv::gamm_arima(1,1,0)	2.78819792632929e-13	FALSE	648	FALSE	2.28748914428448e-75	ENSG00000071243.17	ING3
5	SNHG10	3.68619981364196e-65	3.68619981364196e-65	648	8	3.89016375972434	0.35	296.726869956066	0.306638364720449	640.036960655789	TRUE	0.157779651217241	TRUE	FALSE	Gaussian	TRUE	3.09470295880941	mgcv::gamm_arima(1,1,0)	7.10197284747503e-06	FALSE	648	FALSE	3.05954584532282e-63	ENSG00000247092.10	SNHG10
6	FAXDC2	2.32535953735638e-62	2.32535953735638e-62	648	8	3.89016375972434	0.35	283.832802197648	0.185982395901547	640.090506724139	TRUE	-0.18801581544244	TRUE	FALSE	Gaussian	TRUE	5.07054077033659	mgcv::gamm_arima(1,1,0)	0.0183270384655531	FALSE	648	FALSE	1.90679482063224e-60	ENSG00000170271.12	FAXDC2
7	HDAC2	4.95883480751894e-60	4.95883480751894e-60	648	8	3.89016375972434	0.35	273.107869568685	0.594236032515519	640.07648323936	TRUE	0.139353875225401	TRUE	FALSE	Gaussian	TRUE	5.75393258999902	mgcv::gamm_arima(1,1,0)	0.00258224264681532	FALSE	648	FALSE	4.01665619409034e-58	ENSG00000196591.13	HDAC2
8	LINC03040	1.8745316960077e-57	1.8745316960077e-57	648	8	3.89016375972434	0.35	261.237982869126	0.738033304084135	643.239803548932	TRUE	0.106347219597228	TRUE	FALSE	Gaussian	TRUE	1.18725895903155	mgcv::gamm_arima(1,1,0)	5.37421140635245e-15	FALSE	648	FALSE	1.49962535680616e-55	ENSG00000181577.16	LINC03040
9	CENPV	1.04762505920102e-51	1.04762505920102e-51	648	8	3.89016375972434	0.35	234.770627977499	0.157028025928068	640.073716061074	TRUE	0.0936191677075282	TRUE	FALSE	Gaussian	TRUE	1.99301019868394	mgcv::gamm_arima(1,1,0)	5.39987088247869e-05	FALSE	648	FALSE	8.27623796768803e-50	ENSG00000166582.12	CENPV
10	THY1	2.51976759068792e-51	2.51976759068792e-51	648	8	3.89016375972434	0.35	233.015346142687	0.309819992995584	640.048637032064	TRUE	0.218431204613797	TRUE	FALSE	Gaussian	FALSE	3.40159777205532	mgcv::gamm_arima(1,1,0)	0.000670408572894907	FALSE	648	FALSE	1.96541872073658e-49	ENSG00000154096.15	THY1
11	ENSG00000274322	4.75206134615987e-48	4.75206134615987e-48	648	8	3.89016375972434	0.35	217.931011944383	0.0470707754546494	640.071941102407	TRUE	0.245269771622946	TRUE	FALSE	Gaussian	TRUE	1.83249037582528	mgcv::gamm_arima(1,1,0)	2.27250867781028e-05	FALSE	648	FALSE	3.6590872365431e-46	ENSG00000274322.1	ENSG00000274322
12	THOC6	5.56273014677027e-44	5.56273014677027e-44	648	8	3.89016375972434	0.35	199.195310140803	0.0908864346014919	640.077859356076	TRUE	0.203243030705626	TRUE	FALSE	Gaussian	TRUE	1.69053201928318	mgcv::gamm_arima(1,1,0)	6.15860363985087e-06	FALSE	648	FALSE	4.2276749115454e-42	ENSG00000131652.15	THOC6
13	SRP72	2.71697224373096e-39	2.71697224373096e-39	648	8	3.89016375972434	0.35	177.602601024308	0.332871959211103	640.111947349587	TRUE	0.0854882563031053	TRUE	FALSE	Gaussian	FALSE	1.13680918744156	mgcv::gamm_arima(1,1,0)	5.97912549242189e-05	FALSE	648	FALSE	2.03772918279822e-37	ENSG00000174780.18	SRP72
14	METTL26	2.33951977422323e-38	2.33951977422323e-38	648	8	3.89016375972434	0.35	173.296575700313	0.781265346603099	640.304050818011	TRUE	0.114535407779917	TRUE	FALSE	Gaussian	TRUE	3.45491135233072	mgcv::gamm_arima(1,1,0)	6.20732037316757e-14	FALSE	648	FALSE	1.73124463292519e-36	ENSG00000130731.17	METTL26
15	PPP1R2	6.58982624082251e-35	6.58982624082251e-35	648	8	3.89016375972434	0.35	157.409902547446	0.15784562747042	640.121762621845	TRUE	0.163421656757989	TRUE	FALSE	Gaussian	TRUE	3.18597548532597	mgcv::gamm_arima(1,1,0)	2.48635576434678e-09	FALSE	648	FALSE	4.81057315580043e-33	ENSG00000184203.9	PPP1R2
16	PDE7A	5.99953428456456e-34	5.99953428456456e-34	648	8	3.89016375972434	0.35	152.992422629643	0.0862503190520073	640.24359913894	TRUE	0.0880450148735709	TRUE	FALSE	Gaussian	TRUE	3.60704284108287	mgcv::gamm_arima(1,1,0)	1.2327065499068e-06	FALSE	648	FALSE	4.31966468488649e-32	ENSG00000205268.12	PDE7A
17	MCOLN1	1.00187452905245e-33	1.00187452905245e-33	648	8	3.89016375972434	0.35	151.966870588976	0.0230448851977845	640.150243452372	TRUE	-0.156544330756497	TRUE	FALSE	Gaussian	TRUE	2.24445835719528	mgcv::gamm_arima(1,1,0)	3.62037713883917e-09	FALSE	648	FALSE	7.11330915627237e-32	ENSG00000090674.17	MCOLN1
18	EXOC1	1.08730566397203e-31	1.08730566397203e-31	648	8	3.89016375972434	0.35	142.592870229199	0.0607369218164312	640.123126001202	TRUE	0.10030287970051	TRUE	FALSE	Gaussian	TRUE	4.68479758281286	mgcv::gamm_arima(1,1,0)	8.09765198734917e-15	FALSE	648	FALSE	7.61113964780419e-30	ENSG00000090989.19	EXOC1
19	FAM114A2	3.0136240630938e-31	3.0136240630938e-31	648	8	3.89016375972434	0.35	140.553989041236	0.492055713890047	640.126360719301	TRUE	-0.062437394813847	TRUE	FALSE	Gaussian	TRUE	3.08486491025358	mgcv::gamm_arima(1,1,0)	0.0254012973351936	FALSE	648	FALSE	2.07940060353472e-29	ENSG00000055147.20	FAM114A2
20	GLB1L2	1.91206179878733e-30	1.91206179878733e-30	648	8	3.89016375972434	0.35	136.858741308346	0.0922010192269311	640.18143949625	TRUE	0.166064231903974	TRUE	FALSE	Gaussian	TRUE	3.17359582410805	mgcv::gamm_arima(1,1,0)	2.81967763400447e-06	FALSE	648	FALSE	1.30020202317539e-28	ENSG00000149328.17	GLB1L2
21	ETFRF1	4.34974809469795e-28	4.34974809469795e-28	648	8	3.89016375972434	0.35	126.004529339349	0.161589318712296	640.256727794597	TRUE	-0.136586272882396	TRUE	FALSE	Gaussian	FALSE	3.70452942046745	mgcv::gamm_arima(1,1,0)	1.57969325282227e-10	FALSE	648	FALSE	2.91433122344762e-26	ENSG00000205707.12	ETFRF1
22	SLC25A16	6.08233734974762e-26	6.08233734974762e-26	648	8	3.89016375972434	0.35	116.123646726436	0.170692364758547	640.306066282598	TRUE	0.0924039879653006	TRUE	FALSE	Gaussian	FALSE	8.09192724341799	mgcv::gamm_arima(1,1,0)	4.34357249869374e-07	FALSE	648	FALSE	4.01434265083343e-24	ENSG00000122912.16	SLC25A16
23	SPNS2	1.01346899375841e-25	1.01346899375841e-25	648	8	3.89016375972434	0.35	115.102496463284	6.90840973049944e-06	640.251824592344	TRUE	0.205908631852978	TRUE	FALSE	Gaussian	TRUE	2.63365750575993	mgcv::gamm_arima(1,1,0)	7.20631832784225e-10	FALSE	648	FALSE	6.58754845942969e-24	ENSG00000183018.10	SPNS2
24	RAP1GDS1	9.42930006790656e-24	9.42930006790656e-24	648	8	3.89016375972434	0.35	106.036440723885	0.375380374227862	640.918142878355	TRUE	0.0985903405518684	TRUE	FALSE	Gaussian	TRUE	4.77656137655802	mgcv::gamm_arima(1,1,0)	1.61587549998277e-10	FALSE	648	FALSE	6.0347520434602e-22	ENSG00000138698.16	RAP1GDS1
25	SYNM	8.57463115124786e-23	8.57463115124786e-23	648	8	3.89016375972434	0.35	101.621298322336	0.233173075864624	640.540683857153	TRUE	0.0122433774908793	TRUE	FALSE	Gaussian	FALSE	1.03597328414639	mgcv::gamm_arima(1,1,0)	1.17614543165759e-12	FALSE	648	FALSE	5.40201762528615e-21	ENSG00000182253.15	SYNM
26	TLN2	6.65426936524726e-19	6.65426936524726e-19	648	8	3.89016375972434	0.35	83.7077162168152	0.313501636380404	642.121452105301	TRUE	-0.0766465895222745	TRUE	FALSE	Gaussian	TRUE	8.148631652403	mgcv::gamm_arima(1,1,0)	0.0228339563813954	FALSE	648	FALSE	4.1256470064533e-17	ENSG00000171914.18	TLN2
27	CYP2W1	1.11694333843487e-17	1.11694333843487e-17	648	8	3.89016375972434	0.35	78.0667015773124	0.576287868385043	640.399327865808	TRUE	0.205493003075323	TRUE	FALSE	Gaussian	TRUE	3.1028669412686	mgcv::gamm_arima(1,1,0)	1.4948475055456e-17	FALSE	648	FALSE	6.81335436445272e-16	ENSG00000073067.14	CYP2W1
28	NPY1R	1.13796317473262e-16	1.13796317473262e-16	648	8	3.89016375972434	0.35	73.4242430247232	0.242291579767776	640.265429135575	TRUE	-0.0997621420283725	TRUE	FALSE	Gaussian	TRUE	1.57471619162645	mgcv::gamm_arima(1,1,0)	6.62611833758333e-16	FALSE	648	FALSE	6.82777904839573e-15	ENSG00000164128.8	NPY1R
29	ZNF714	1.18103812965533e-16	1.18103812965533e-16	648	8	3.89016375972434	0.35	73.3499353306088	0.502488310102292	640.25890221059	TRUE	-0.0734352505680462	TRUE	FALSE	Gaussian	TRUE	2.70629733125613	mgcv::gamm_arima(1,1,0)	3.09003483769648e-17	FALSE	648	FALSE	6.96812496496645e-15	ENSG00000160352.17	ZNF714
30	SPICE1	3.68040032125087e-16	3.68040032125087e-16	648	8	3.89016375972434	0.35	71.0766799173834	0.150890003081978	640.346320075705	TRUE	-0.0704370877798516	TRUE	FALSE	Gaussian	TRUE	8.81054597500894	mgcv::gamm_arima(1,1,0)	0.00506344073301332	FALSE	648	FALSE	2.1346321863255e-14	ENSG00000163611.12	SPICE1
31	USP38	4.03969517677303e-16	4.03969517677303e-16	648	8	3.89016375972434	0.35	70.8903845001441	0.0340269342481808	640.20767550802	TRUE	0.0193404030771732	TRUE	FALSE	Gaussian	TRUE	6.0948603553132	mgcv::gamm_arima(1,1,0)	4.09741099434283e-06	FALSE	648	FALSE	2.30262625076063e-14	ENSG00000170185.13	USP38
32	DUOXA2	4.19981528402077e-16	4.19981528402077e-16	566	8	3.89577754472422	0.35	70.8126418871552	0.01696720636214	560.203452202797	TRUE	0.0239088654063354	TRUE	FALSE	Gaussian	FALSE	1	mgcv::gamm_arima(1,1,0)	1.44309943380191e-09	FALSE	566	FALSE	2.35189655905163e-14	ENSG00000140274.15	DUOXA2
33	VRK2	1.31741829584263e-15	1.31741829584263e-15	648	8	3.89016375972434	0.35	68.526204819882	0.206379059434946	640.373847928548	TRUE	0.0742686054403228	TRUE	FALSE	Gaussian	TRUE	2.86462692846614	mgcv::gamm_arima(1,1,0)	3.34872435464692e-07	FALSE	648	FALSE	7.24580062713447e-14	ENSG00000028116.19	VRK2
34	GIPR	1.93505913677631e-15	1.93505913677631e-15	566	8	3.89577754472422	0.35	67.7572770145089	0.000449031317897752	560.35276794023	TRUE	-0.00411105144664166	TRUE	FALSE	Gaussian	FALSE	1	mgcv::gamm_arima(1,1,0)	5.29916695729449e-30	FALSE	566	FALSE	1.0449319338592e-13	ENSG00000010310.10	GIPR
35	HIPK2	2.91070460253355e-13	2.91070460253355e-13	648	8	3.89016375972434	0.35	57.7304220511869	0.172175853528774	640.188938571343	TRUE	0.101777120926791	TRUE	FALSE	Gaussian	TRUE	3.54151658559143	mgcv::gamm_arima(1,1,0)	2.73068247904178e-11	FALSE	648	FALSE	1.54267343934278e-11	ENSG00000064393.17	HIPK2
36	NCF1C	3.19290654268642e-13	3.19290654268642e-13	648	8	3.89016375972434	0.35	57.5453491301114	0.0393612623833922	642.437839976632	TRUE	0.0684038932083355	TRUE	FALSE	Gaussian	TRUE	1.33287486914973	mgcv::gamm_arima(1,1,0)	6.64301945866396e-14	FALSE	648	FALSE	1.66031140219694e-11	ENSG00000296524.1	NCF1C
37	PNRC2	6.31043582466674e-13	6.31043582466674e-13	648	8	3.89016375972434	0.35	56.1828029317385	0.228930335804908	641.217877479454	TRUE	-0.00375047235471074	TRUE	FALSE	Gaussian	TRUE	24.0871155136707	mgcv::gamm_arima(1,1,0)	6.81690049216646e-20	FALSE	648	FALSE	3.21832227058004e-11	ENSG00000189266.14	PNRC2
38	PTGER4	1.33185867005942e-12	1.33185867005942e-12	648	8	3.89016375972434	0.35	54.6888913059975	0.113671795622439	640.233243844481	TRUE	-0.331167375197574	TRUE	FALSE	Gaussian	TRUE	85.2191649197781	mgcv::gamm_arima(1,1,0)	3.59499293569046e-26	FALSE	648	FALSE	6.65929335029708e-11	ENSG00000171522.7	PTGER4
39	TM7SF2	2.98259049221336e-12	2.98259049221336e-12	648	8	3.89016375972434	0.35	53.0764578006765	0.194480860445105	640.21627426362	TRUE	0.102918058375809	TRUE	FALSE	Gaussian	TRUE	1.80933864603476	mgcv::gamm_arima(1,1,0)	3.38563354172985e-11	FALSE	648	FALSE	1.46146934118455e-10	ENSG00000149809.18	TM7SF2
40	GSKIP	1.49302088149713e-11	1.49302088149713e-11	648	8	3.89016375972434	0.35	49.8552690364158	0.170641998011707	640.174670091433	TRUE	0.101166421599762	TRUE	FALSE	Gaussian	TRUE	4.75875171778007	mgcv::gamm_arima(1,1,0)	6.28812520977604e-07	FALSE	648	FALSE	7.16650023118621e-10	ENSG00000100744.16	GSKIP
41	GGH	3.185810576106e-11	3.185810576106e-11	648	8	3.89016375972434	0.35	48.3394585365941	0.150486759223179	640.18720188847	TRUE	0.14907498360001	TRUE	FALSE	Gaussian	TRUE	4.29516605539878	mgcv::gamm_arima(1,1,0)	1.62389008414716e-14	FALSE	648	FALSE	1.49733097076982e-09	ENSG00000137563.14	GGH
42	RRAGC	1.61230639830358e-10	1.61230639830358e-10	648	8	3.89016375972434	0.35	45.0963704610567	0.184062377260891	640.294619469807	TRUE	0.115899746113489	TRUE	FALSE	Gaussian	TRUE	2.00086772843128	mgcv::gamm_arima(1,1,0)	8.74440119429115e-08	FALSE	648	FALSE	7.41660943219647e-09	ENSG00000116954.9	RRAGC
43	ENSG00000291072	1.9499646075465e-10	1.9499646075465e-10	648	8	3.89016375972434	0.35	44.7160794150113	0.00170029183225451	640.296191919258	TRUE	-0.0287632762373675	TRUE	FALSE	Gaussian	TRUE	2.10528263061266	mgcv::gamm_arima(1,1,0)	0.000126656783754679	FALSE	648	FALSE	8.77484073395925e-09	ENSG00000291072.2	ENSG00000291072
44	UBP1	2.3838576673414e-10	2.3838576673414e-10	648	8	3.89016375972434	0.35	44.3142617716321	0.18647351055203	640.78838890487	TRUE	0.118685382529531	TRUE	FALSE	Gaussian	TRUE	5.28959064784499	mgcv::gamm_arima(1,1,0)	1.95156061366179e-08	FALSE	648	FALSE	1.04889737363022e-08	ENSG00000153560.13	UBP1
45	SRPRA	1.81808200387189e-09	1.81808200387189e-09	648	8	3.89016375972434	0.35	40.2509674711364	0.105028879442066	640.27009818746	TRUE	0.0952181986849007	TRUE	FALSE	Gaussian	TRUE	2.58236308496229	mgcv::gamm_arima(1,1,0)	3.43164342521395e-10	FALSE	648	FALSE	7.81775261664912e-08	ENSG00000182934.13	SRPRA
46	CCDC149	3.1193640359156e-09	3.1193640359156e-09	648	8	3.89016375972434	0.35	39.1712733810891	0.152913383729509	642.210800119403	TRUE	-0.0538717173976068	TRUE	FALSE	Gaussian	TRUE	1.93198547546015	mgcv::gamm_arima(1,1,0)	2.08671382754916e-10	FALSE	648	FALSE	1.31013289508455e-07	ENSG00000181982.21	CCDC149
47	SPIRE2	1.43154870859288e-08	1.43154870859288e-08	648	8	3.89016375972434	0.35	36.1238477454281	0.0348179094813246	642.024950482313	TRUE	0.0513524881184314	TRUE	FALSE	Gaussian	TRUE	3.50188914982242	mgcv::gamm_arima(1,1,0)	2.02433769883461e-08	FALSE	648	FALSE	5.8693497052308e-07	ENSG00000204991.12	SPIRE2
48	FBXO3	1.80052391272305e-08	1.80052391272305e-08	648	8	3.89016375972434	0.35	35.6652061175537	0.0172647135138366	640.420617760337	TRUE	0.0282707447947126	TRUE	FALSE	Gaussian	TRUE	11.4660940302722	mgcv::gamm_arima(1,1,0)	4.66767670633859e-19	FALSE	648	FALSE	7.20209565089218e-07	ENSG00000110429.15	FBXO3
49	ATG5	4.33338417521989e-08	4.33338417521989e-08	648	8	3.89016375972434	0.35	33.9086638849694	0.551260938377799	640.514270661387	TRUE	0.00890506716010846	TRUE	FALSE	Gaussian	TRUE	7.07227094053979	mgcv::gamm_arima(1,1,0)	3.92189127980327e-09	FALSE	648	FALSE	1.69001982833576e-06	ENSG00000057663.17	ATG5
50	RELCH	3.79359718230892e-07	3.79359718230892e-07	648	8	3.89016375972434	0.35	29.5695619147564	0.148188135112523	642.022572114749	TRUE	-0.0323816578714386	TRUE	FALSE	Gaussian	TRUE	17.363871994716	mgcv::gamm_arima(1,1,0)	1.21561899108788e-06	FALSE	648	FALSE	1.44156692927739e-05	ENSG00000134444.16	RELCH
51	NFKBIB	4.57107489015128e-07	4.57107489015128e-07	648	8	3.89016375972434	0.35	29.1966945359727	0.410228239937504	640.369789680693	TRUE	0.0492600546405257	TRUE	FALSE	Gaussian	TRUE	2.52481095876097	mgcv::gamm_arima(1,1,0)	2.22657823041414e-14	FALSE	648	FALSE	1.69129770935597e-05	ENSG00000104825.18	NFKBIB
52	POLR2J4	8.7366230994208e-07	8.7366230994208e-07	648	8	3.89016375972434	0.35	27.9011438180323	0.250656149288674	640.376480076008	TRUE	-0.0146637251480044	TRUE	FALSE	Gaussian	TRUE	35.3939905854997	mgcv::gamm_arima(1,1,0)	8.02214172384068e-05	FALSE	648	FALSE	3.14518431579149e-05	ENSG00000290758.3	POLR2J4
53	SAR1B	3.85819484798122e-06	3.85819484798122e-06	648	8	3.89016375972434	0.35	24.9306222796722	0.0230665051566948	640.453514413595	TRUE	-0.0423122031937189	TRUE	FALSE	Gaussian	TRUE	5.25423868474456	mgcv::gamm_arima(1,1,0)	2.04418929417768e-11	FALSE	648	FALSE	0.000135036819679343	ENSG00000152700.15	SAR1B
54	ANGEL2	6.59647822187397e-06	6.59647822187397e-06	648	8	3.89016375972434	0.35	23.8579493081897	0.186548724896453	642.02820908961	TRUE	0.0317926997395649	TRUE	FALSE	Gaussian	TRUE	10.1451615755436	mgcv::gamm_arima(1,1,0)	2.11896936488432e-14	FALSE	648	FALSE	0.000224280259543715	ENSG00000174606.15	ANGEL2
55	IRF3	8.5701948624488e-06	8.5701948624488e-06	648	8	3.89016375972434	0.35	23.3344401757422	0.446374901548117	642.024947055981	TRUE	0.0363988288546191	TRUE	FALSE	Gaussian	TRUE	1.6456840226682	mgcv::gamm_arima(1,1,0)	2.78894522191822e-09	FALSE	648	FALSE	0.00028281643046081	ENSG00000126456.17	IRF3
56	EPB41L4A-AS1	3.09159789841437e-05	3.09159789841437e-05	648	8	3.89016375972434	0.35	20.7684747769854	-0.00516864957494767	640.804961042746	TRUE	0.0336006378988985	TRUE	FALSE	Gaussian	TRUE	2.15398481877967	mgcv::gamm_arima(1,1,0)	2.46284060345484e-07	FALSE	648	FALSE	0.0009893113274926	ENSG00000224032.10	EPB41L4A-AS1
57	DNAJC24	8.72483415927664e-05	8.72483415927664e-05	648	8	3.89016375972434	0.35	18.6935040091903	0.256827776566704	640.581109244052	TRUE	-0.0160598607370321	TRUE	FALSE	Gaussian	TRUE	4.40264473397375	mgcv::gamm_arima(1,1,0)	1.28958626915595e-14	FALSE	648	FALSE	0.00270469858937576	ENSG00000170946.16	DNAJC24
58	LINC02362	0.00011151433212572	0.00011151433212572	648	8	3.89016375972434	0.35	18.2027148721609	0.064911421139805	640.397752673168	TRUE	0.00200296511079867	TRUE	FALSE	Gaussian	TRUE	8.54664992354413	mgcv::gamm_arima(1,1,0)	8.90602106227511e-07	FALSE	648	FALSE	0.00334542996377161	ENSG00000249096.8	LINC02362
59	ZNF710	0.000304291524311703	0.000304291524311703	648	8	3.89016375972434	0.35	16.1950487090326	0.0936812076420543	642.253499941286	TRUE	-0.0204332176599993	TRUE	FALSE	Gaussian	TRUE	62.1757979746554	mgcv::gamm_arima(1,1,0)	4.68527803586926e-05	FALSE	648	FALSE	0.00882445420503939	ENSG00000140548.11	ZNF710
60	ZNF398	0.00042093349794036	0.00042093349794036	648	8	3.89016375972434	0.35	15.5460713977923	0.04368948223907	642.02924771502	TRUE	0.128317723931549	TRUE	FALSE	Gaussian	TRUE	4.12143728945706	mgcv::gamm_arima(1,1,0)	1.00303630710989e-05	FALSE	648	FALSE	0.0117861379423301	ENSG00000197024.10	ZNF398
61	ENSG00000254706	0.000445481601847478	0.000445481601847478	648	8	3.89016375972434	0.35	15.4327092193344	0.129074434838436	640.94491167253	TRUE	-0.0720121554614526	TRUE	FALSE	Gaussian	TRUE	1.16304982670951	mgcv::gamm_arima(1,1,0)	3.25660445855596e-15	FALSE	648	FALSE	0.0120280032498819	ENSG00000254706.3	ENSG00000254706
62	GDI1	0.00450697013456407	0.00450697013456407	648	8	3.89016375972434	0.35	10.8042603235026	0.162475717796527	640.268421646939	TRUE	0.0593408046558927	TRUE	FALSE	Gaussian	TRUE	1.81574695434442	mgcv::gamm_arima(1,1,0)	5.01686033800536e-10	FALSE	648	FALSE	0.117181223498666	ENSG00000203879.13	GDI1
63	GSR	0.00522191391131867	0.00522191391131867	648	8	3.89016375972434	0.35	10.5097825892185	0.0950730308753623	642.015935676517	TRUE	0.0452266514557218	TRUE	FALSE	Gaussian	TRUE	14.5739366733445	mgcv::gamm_arima(1,1,0)	3.16687114416597e-24	FALSE	648	FALSE	0.130547847782967	ENSG00000104687.15	GSR
64	ASMTL	0.00791561285633695	0.00791561285633695	648	8	3.89016375972434	0.35	9.67783631782731	0.0195591450389624	642.031836205621	TRUE	-0.0756713121671922	TRUE	FALSE	Gaussian	TRUE	3.42994727825505	mgcv::gamm_arima(1,1,0)	3.03132987074194e-09	FALSE	648	FALSE	0.189974708552087	ENSG00000169093.17	ASMTL
65	CYBB	0.0160934754519617	0.0160934754519617	648	8	3.89016375972434	0.35	8.25868268111844	0.154172160283005	642.018046740201	TRUE	-0.0894621070894503	TRUE	FALSE	Gaussian	TRUE	3.55586618192528	mgcv::gamm_arima(1,1,0)	5.24139460450825e-08	FALSE	648	FALSE	0.370149935395119	ENSG00000165168.10	CYBB
66	HIGD1A	0.0165057581617482	0.0165057581617482	648	8	3.89016375972434	0.35	8.20809195890979	0.3020467445315	640.96612856616	TRUE	0.123056475313415	TRUE	FALSE	Gaussian	FALSE	2.77473035364199	mgcv::gamm_arima(1,1,0)	8.67996712172505e-12	FALSE	648	FALSE	0.370149935395119	ENSG00000181061.15	HIGD1A
67	NSA2	0.0172446636910438	0.0172446636910438	648	8	3.89016375972434	0.35	8.12050506921514	0.000238736706466347	642.031498763131	TRUE	-0.0336170956826561	TRUE	FALSE	Gaussian	TRUE	1.7301515245669	mgcv::gamm_arima(1,1,0)	9.76629008837639e-05	FALSE	648	FALSE	0.370149935395119	ENSG00000164346.11	NSA2
68	DES	0.0182948510075052	0.0182948510075052	648	8	3.89016375972434	0.35	8.00227124887124	0.172856069960941	642.091485602433	TRUE	-0.108923497029377	TRUE	FALSE	Gaussian	TRUE	2.85812404044147	mgcv::gamm_arima(1,1,0)	1.08626114216445e-10	FALSE	648	FALSE	0.370149935395119	ENSG00000175084.14	DES
69	CCNE1	0.0297540208656964	0.0297540208656964	607	8	3.89277904533316	0.35	7.02958200194735	0.445741662380813	602.999999898423	TRUE	0.109164126686843	TRUE	FALSE	Gaussian	FALSE	1	mgcv::gamm_arima(1,1,0)	5.341394398179e-12	FALSE	607	FALSE	0.565326396448232	ENSG00000105173.15	CCNE1
70	CDH24	0.0357332771136722	0.0357332771136722	648	8	3.89016375972434	0.35	6.66334578465239	0.416878041012929	644.000000017532	TRUE	0.0845892162573711	TRUE	FALSE	Gaussian	TRUE	1.29178713944121	mgcv::gamm_arima(1,1,0)	3.93715845177573e-18	FALSE	648	FALSE	0.643198988046099	ENSG00000139880.21	CDH24
71	KPNA6	0.118374642403328	0.118374642403328	648	8	3.89016375972434	0.35	4.26780149672095	0.290420085404006	642.025839387329	TRUE	-0.14279915753164	TRUE	FALSE	Gaussian	TRUE	25.3817060078658	mgcv::gamm_arima(1,1,0)	2.62824422815079e-12	FALSE	648	FALSE	1	ENSG00000025800.14	KPNA6
72	PMEPA1	0.147547938418475	0.147547938418475	648	8	3.89016375972434	0.35	3.8272042995568	-0.00375358112501023	642.049018741455	TRUE	-0.0330020610250127	TRUE	FALSE	Gaussian	TRUE	1.89346295341375	mgcv::gamm_arima(1,1,0)	4.75359452711273e-07	FALSE	648	FALSE	1	ENSG00000124225.16	PMEPA1
73	SLC9A7	0.149085531657439	0.149085531657439	648	8	3.89016375972434	0.35	3.80647019952812	-0.000620117061592262	642.225787205963	TRUE	-0.0209442380523615	TRUE	FALSE	Gaussian	TRUE	1.85555023717839	mgcv::gamm_arima(1,1,0)	7.2814723293344e-06	FALSE	648	FALSE	1	ENSG00000065923.11	SLC9A7
74	A4GALT	0.163465746643861	0.163465746643861	648	8	3.89016375972434	0.35	3.62230362248465	0.239514057267812	642.046537073092	TRUE	0.0036073507748314	TRUE	FALSE	Gaussian	FALSE	1.3476952740793	mgcv::gamm_arima(1,1,0)	3.02127526441742e-13	FALSE	648	FALSE	1	ENSG00000128274.18	A4GALT
75	PBX2	0.201703818069494	0.201703818069494	648	8	3.89016375972434	0.35	3.20190980950792	2.73722548348454e-05	642.10667414348	TRUE	0.00537311909506577	TRUE	FALSE	Gaussian	TRUE	1.98264730827658	mgcv::gamm_arima(1,1,0)	7.74539590961678e-07	FALSE	648	FALSE	1	ENSG00000204304.12	PBX2
76	REG3A	0.202711558470612	0.202711558470612	484	8	3.90331893774904	0.35	3.19194240920251	0.496740225972048	479.999999922898	TRUE	-0.0956587355489682	TRUE	FALSE	Gaussian	FALSE	1	mgcv::gamm_arima(1,1,0)	3.74417150416886e-20	FALSE	484	FALSE	1	ENSG00000172016.16	REG3A
77	SNX4	0.2110796818322	0.2110796818322	648	8	3.89016375972434	0.35	3.11103915555714	0.124651420124294	642.01880468546	TRUE	0.0609140295711071	TRUE	FALSE	Gaussian	TRUE	11.4618423981684	mgcv::gamm_arima(1,1,0)	1.68773525910014e-05	FALSE	648	FALSE	1	ENSG00000114520.12	SNX4
78	TMEM38A	0.217316610436547	0.217316610436547	648	8	3.89016375972434	0.35	3.05279990905638	0.0475372568960041	643.999999948218	TRUE	-0.0620744985332115	TRUE	FALSE	Gaussian	TRUE	1.28877660121683	mgcv::gamm_arima(1,1,0)	3.23789771446579e-06	FALSE	648	FALSE	1	ENSG00000072954.8	TMEM38A
79	ZFP90	0.229604372727067	0.229604372727067	648	8	3.89016375972434	0.35	2.94279513947913	0.0432747070536137	642.125465171674	TRUE	-0.000586788931727023	TRUE	FALSE	Gaussian	TRUE	3.48750502089987	mgcv::gamm_arima(1,1,0)	2.38724104007176e-07	FALSE	648	FALSE	1	ENSG00000184939.16	ZFP90
80	FOXJ2	0.368884553801103	0.368884553801103	648	8	3.89016375972434	0.35	1.99454309244175	0.250577596534498	642.017897478788	TRUE	0.00867109318230934	TRUE	FALSE	Gaussian	TRUE	1.80684602526783	mgcv::gamm_arima(1,1,0)	0.00113871006710696	FALSE	648	FALSE	1	ENSG00000065970.10	FOXJ2
81	TMEM183A	0.381158099355223	0.381158099355223	648	8	3.89016375972434	0.35	1.92908206197899	0.0114339025895446	641.477257458901	TRUE	0.0164560744333875	TRUE	FALSE	Gaussian	TRUE	12.09741229736	mgcv::gamm_arima(1,1,0)	2.36147303109146e-11	FALSE	648	FALSE	1	ENSG00000163444.13	TMEM183A
82	EFNB2	0.482254606840378	0.482254606840378	648	8	3.89016375972434	0.35	1.45856614887316	0.0120912693971859	642.049646998774	TRUE	-0.0107946895584335	TRUE	FALSE	Gaussian	TRUE	14.5663482615561	mgcv::gamm_arima(1,1,0)	1.07977498747269e-06	FALSE	648	FALSE	1	ENSG00000125266.9	EFNB2
83	PICALM	0.555492892094344	0.555492892094344	648	8	3.89016375972434	0.35	1.17579893098809	0.107116271069507	642.003602707508	TRUE	0.0266475353247889	TRUE	FALSE	Gaussian	TRUE	4.36840847096142	mgcv::gamm_arima(1,1,0)	1.56284757899793e-11	FALSE	648	FALSE	1	ENSG00000073921.19	PICALM
84	SH3PXD2A	0.562159737296872	0.562159737296872	648	8	3.89016375972434	0.35	1.1519384788171	0.213512082579082	641.705680227501	TRUE	0.0100741453737178	TRUE	FALSE	Gaussian	TRUE	1.99887755309522	mgcv::gamm_arima(1,1,0)	0.000256731954804629	FALSE	648	FALSE	1	ENSG00000107957.17	SH3PXD2A
85	ZNF493	0.735772499478053	0.735772499478053	648	8	3.89016375972434	0.35	0.613668624011552	-0.00321654226190971	642.016862543264	TRUE	-0.004170682561744	TRUE	FALSE	Gaussian	TRUE	21.7595766279176	mgcv::gamm_arima(1,1,0)	5.46477228612727e-05	FALSE	648	FALSE	1	ENSG00000196268.12	ZNF493
86	MCC	0.825416335342252	0.825416335342252	648	8	3.89016375972434	0.35	0.383734742080378	0.00802830045190317	642.043967084038	TRUE	0.000619502572833287	TRUE	FALSE	Gaussian	TRUE	405.218700467789	mgcv::gamm_arima(1,1,0)	7.97949272791323e-09	FALSE	648	FALSE	1	ENSG00000171444.19	MCC
87	IFIT3	0.889517992537266	0.889517992537266	648	8	3.89016375972434	0.35	0.234151088765884	-8.38215371239404e-05	643.999999932616	TRUE	-0.0293167315126204	TRUE	FALSE	Gaussian	TRUE	1.20970529480952	mgcv::gamm_arima(1,1,0)	3.90692171871916e-19	FALSE	648	FALSE	1	ENSG00000119917.15	IFIT3
