"gene","p_interaction","p_raw","n_observations","n_subjects","n_effective","rho_ar1","test_statistic","effect_size","df_residual","model_converged","arima_transformation","bounded_support_model","family_used","heteroscedasticity_detected","variance_ratio_q","fit_method","shapiro_p_value","residuals_normal","n_residuals_tested","adj_p_interaction","gene_id","gene_name"
"LINC03040",1.06832565857872e-169,1.06832565857872e-169,616,8,3.89217482334467,0.35,778.141576196345,0.582592195316333,608.038317892073,TRUE,TRUE,FALSE,"Gaussian",TRUE,1.30011215389905,"mgcv::gamm_arima(1,1,0)",1.51716382470392e-17,FALSE,616,9.29443322963489e-168,"ENSG00000181577.16","LINC03040"
"PNPT1",2.98102871489301e-123,2.98102871489301e-123,616,8,3.89217482334467,0.35,564.251395981961,0.671835883260604,608.022200918077,TRUE,TRUE,FALSE,"Gaussian",TRUE,5.44269831377717,"mgcv::gamm_arima(1,1,0)",4.51892931574487e-09,FALSE,616,2.56368469480799e-121,"ENSG00000138035.16","PNPT1"
"METTL26",2.13879620160781e-84,2.13879620160781e-84,616,8,3.89217482334467,0.35,385.313809326709,0.455667863268833,608.04994123062,TRUE,TRUE,FALSE,"Gaussian",TRUE,8.18387322086469,"mgcv::gamm_arima(1,1,0)",0.00133108585958297,FALSE,616,1.81797677136664e-82,"ENSG00000130731.17","METTL26"
"SNHG10",1.18466721847026e-79,1.18466721847026e-79,616,8,3.89217482334467,0.35,363.469520879355,0.565990504039447,608.044385930388,TRUE,TRUE,FALSE,"Gaussian",FALSE,1.49524095529464,"mgcv::gamm_arima(1,1,0)",1.00872428585563e-15,FALSE,616,9.9512046351502e-78,"ENSG00000247092.10","SNHG10"
"CCNE1",1.50749468117115e-73,1.50749468117115e-73,577,8,3.89493077433882,0.35,335.356525334394,0.084767673580486,569.100067017659,TRUE,TRUE,FALSE,"Gaussian",FALSE,1,"mgcv::gamm_arima(1,1,0)",1.05013164409558e-11,FALSE,577,1.25122058537206e-71,"ENSG00000105173.15","CCNE1"
"IRF3",6.55641313835548e-68,6.55641313835548e-68,616,8,3.89217482334467,0.35,309.390685295733,0.11186092054065,608.055529986868,TRUE,TRUE,FALSE,"Gaussian",TRUE,3.63588607086923,"mgcv::gamm_arima(1,1,0)",1.41698434483533e-11,FALSE,616,5.37625877345149e-66,"ENSG00000126456.17","IRF3"
"SRP72",4.51919715313857e-53,4.51919715313857e-53,616,8,3.89217482334467,0.35,241.057351143208,0.35958997389299,608.105245587952,TRUE,TRUE,FALSE,"Gaussian",TRUE,1.91856861207403,"mgcv::gamm_arima(1,1,0)",8.93948157924151e-08,FALSE,616,3.66054969404224e-51,"ENSG00000174780.18","SRP72"
"CYP2W1",2.58170222114426e-52,2.58170222114426e-52,616,8,3.89217482334467,0.35,237.571951757352,0.147878744479586,608.045820497659,TRUE,TRUE,FALSE,"Gaussian",TRUE,6.57422217433687,"mgcv::gamm_arima(1,1,0)",2.33107858756423e-18,FALSE,616,2.06536177691541e-50,"ENSG00000073067.14","CYP2W1"
"FAXDC2",1.57753787389196e-47,1.57753787389196e-47,616,8,3.89217482334467,0.35,215.531268093538,0.115963797035157,608.096177660738,TRUE,TRUE,FALSE,"Gaussian",TRUE,4.5183745333147,"mgcv::gamm_arima(1,1,0)",9.433835308063e-06,FALSE,616,1.24625492037465e-45,"ENSG00000170271.12","FAXDC2"
"FAM114A2",6.66755454017361e-46,6.66755454017361e-46,616,8,3.89217482334467,0.35,208.043322241364,0.205293378757303,608.267281327053,TRUE,TRUE,FALSE,"Gaussian",FALSE,2.48270659100136,"mgcv::gamm_arima(1,1,0)",1.13729744558062e-07,FALSE,616,5.20069254133542e-44,"ENSG00000055147.20","FAM114A2"
"FBXO3",1.23253247718502e-45,1.23253247718502e-45,616,8,3.89217482334467,0.35,206.814516414975,0.0335265812922414,608.048517008618,TRUE,TRUE,FALSE,"Gaussian",TRUE,1.95823626618582,"mgcv::gamm_arima(1,1,0)",4.98657112502704e-08,FALSE,616,9.49050007432466e-44,"ENSG00000110429.15","FBXO3"
"MEF2A",4.46860224019326e-42,4.46860224019326e-42,616,8,3.89217482334467,0.35,190.422996487936,0.171304086926504,608.101449111405,TRUE,TRUE,FALSE,"Gaussian",TRUE,3.65433777943027,"mgcv::gamm_arima(1,1,0)",5.27795388200329e-07,FALSE,616,3.39613770254687e-40,"ENSG00000068305.20","MEF2A"
"CXCL12",9.25886202520243e-42,9.25886202520243e-42,616,8,3.89217482334467,0.35,188.965985512181,0.856957112380699,608.094290054524,TRUE,TRUE,FALSE,"Gaussian",TRUE,4.24855569039029,"mgcv::gamm_arima(1,1,0)",0.000790487137141128,FALSE,616,6.94414651890182e-40,"ENSG00000107562.18","CXCL12"
"PPP1R2",4.52253656282577e-39,4.52253656282577e-39,616,8,3.89217482334467,0.35,176.583491207728,0.203783037969257,608.117170343573,TRUE,TRUE,FALSE,"Gaussian",TRUE,203.600225065875,"mgcv::gamm_arima(1,1,0)",1.28769946905722e-20,FALSE,616,3.34667705649107e-37,"ENSG00000184203.9","PPP1R2"
"SLC9A7",2.50781925015105e-37,2.50781925015105e-37,616,8,3.89217482334467,0.35,168.552469779848,0.0770570588182184,610.009386326552,TRUE,TRUE,FALSE,"Gaussian",TRUE,181285.358056939,"mgcv::gamm_arima(1,1,0)",8.24512759287786e-40,FALSE,616,1.83070805261026e-35,"ENSG00000065923.11","SLC9A7"
"SRPRA",9.01901906834952e-37,9.01901906834952e-37,616,8,3.89217482334467,0.35,165.992625726713,0.0665976967159213,608.153281863332,TRUE,TRUE,FALSE,"Gaussian",TRUE,10.0946787713205,"mgcv::gamm_arima(1,1,0)",3.25886524763763e-06,FALSE,616,6.49369372921166e-35,"ENSG00000182934.13","SRPRA"
"USP38",1.04337110152718e-35,1.04337110152718e-35,616,8,3.89217482334467,0.35,161.096042680032,0.205112734390823,608.149046812129,TRUE,TRUE,FALSE,"Gaussian",TRUE,3.90929194320078,"mgcv::gamm_arima(1,1,0)",3.43628039344781e-10,FALSE,616,7.40793482084295e-34,"ENSG00000170185.13","USP38"
"ING3",1.32561048724276e-32,1.32561048724276e-32,616,8,3.89217482334467,0.35,146.801699754786,0.353182157344967,608.152995088822,TRUE,TRUE,FALSE,"Gaussian",TRUE,1.75278507329474,"mgcv::gamm_arima(1,1,0)",1.73261956686429e-05,FALSE,616,9.2792734106993e-31,"ENSG00000071243.17","ING3"
"THOC6",1.84842955762627e-30,1.84842955762627e-30,616,8,3.89217482334467,0.35,136.92643279802,0.0800509782723822,608.101925792546,TRUE,TRUE,FALSE,"Gaussian",TRUE,1.61150403831534,"mgcv::gamm_arima(1,1,0)",0.0126709281528601,FALSE,616,1.27541639476213e-28,"ENSG00000131652.15","THOC6"
"GLB1L2",7.02195676097187e-28,7.02195676097187e-28,616,8,3.89217482334467,0.35,125.046681367515,0.0771162247511532,608.209519248094,TRUE,TRUE,FALSE,"Gaussian",FALSE,2.70756896918609,"mgcv::gamm_arima(1,1,0)",1.83232887562368e-07,FALSE,616,4.77493059746087e-26,"ENSG00000149328.17","GLB1L2"
"MCOLN1",7.55433318154422e-27,7.55433318154422e-27,616,8,3.89217482334467,0.35,120.295352361767,0.00886456912018896,608.227058402114,TRUE,TRUE,FALSE,"Gaussian",TRUE,1.54928368211871,"mgcv::gamm_arima(1,1,0)",2.22793423603535e-13,FALSE,616,5.06140323163463e-25,"ENSG00000090674.17","MCOLN1"
"SPNS2",9.90922027847514e-27,9.90922027847514e-27,616,8,3.89217482334467,0.35,119.752663691736,-0.00524320482606244,608.352736994354,TRUE,TRUE,FALSE,"Gaussian",TRUE,1.31738354344719,"mgcv::gamm_arima(1,1,0)",6.31295333634721e-17,FALSE,616,6.54008538379359e-25,"ENSG00000183018.10","SPNS2"
"REG3A",3.50130778470772e-25,3.50130778470772e-25,460,8,3.90604195452833,0.35,112.622981546746,0.000174460401888288,454.79607318783,TRUE,TRUE,FALSE,"Gaussian",FALSE,1,"mgcv::gamm_arima(1,1,0)",2.68546012522436e-19,FALSE,460,2.27585006006002e-23,"ENSG00000172016.16","REG3A"
"THY1",5.19931137445651e-23,5.19931137445651e-23,616,8,3.89217482334467,0.35,102.621861900068,0.17036390870936,608.047508840683,TRUE,TRUE,FALSE,"Gaussian",TRUE,2.88772300813134,"mgcv::gamm_arima(1,1,0)",0.0868386331647908,TRUE,616,3.32755927965217e-21,"ENSG00000154096.15","THY1"
"VRK2",8.03386274759049e-23,8.03386274759049e-23,616,8,3.89217482334467,0.35,101.751583374033,0.0576386195096884,609.142234189418,TRUE,TRUE,FALSE,"Gaussian",TRUE,2.50326331372322,"mgcv::gamm_arima(1,1,0)",2.32122703220275e-12,FALSE,616,5.06133353098201e-21,"ENSG00000028116.19","VRK2"
"PDE7A",1.67423589034193e-22,1.67423589034193e-22,616,8,3.89217482334467,0.35,100.283030339093,0.0793828682187484,608.056320842652,TRUE,TRUE,FALSE,"Gaussian",FALSE,1.74932163773276,"mgcv::gamm_arima(1,1,0)",1.2888329603053e-10,FALSE,616,1.038026252012e-20,"ENSG00000205268.12","PDE7A"
"ZNF710",4.18545761549698e-22,4.18545761549698e-22,616,8,3.89217482334467,0.35,98.4505120026224,0.0735445307532802,610.00169491956,TRUE,TRUE,FALSE,"Gaussian",TRUE,22.1513341411299,"mgcv::gamm_arima(1,1,0)",2.00076952395069e-05,FALSE,616,2.55312914545316e-20,"ENSG00000140548.11","ZNF710"
"FOXJ2",3.77967031777149e-21,3.77967031777149e-21,616,8,3.89217482334467,0.35,94.0493003291358,0.248341711545166,610.075596678651,TRUE,TRUE,FALSE,"Gaussian",FALSE,4.13130224266467,"mgcv::gamm_arima(1,1,0)",1.72430570323678e-05,FALSE,616,2.26780219066289e-19,"ENSG00000065970.10","FOXJ2"
"GIPR",1.01424911980796e-20,1.01424911980796e-20,538,8,3.89809108350572,0.35,92.0751066092048,0.562291206533177,532.89992912558,TRUE,TRUE,FALSE,"Gaussian",FALSE,1,"mgcv::gamm_arima(1,1,0)",1.2941953294184e-07,FALSE,538,5.98406980686696e-19,"ENSG00000010310.10","GIPR"
"HDAC2",5.33322130721944e-20,5.33322130721944e-20,616,8,3.89217482334467,0.35,88.7554928628524,0.598159380508524,608.122520423386,TRUE,TRUE,FALSE,"Gaussian",TRUE,1.17565894309235,"mgcv::gamm_arima(1,1,0)",5.37303749240622e-07,FALSE,616,3.09326835818727e-18,"ENSG00000196591.13","HDAC2"
"ZNF714",7.87099453287717e-18,7.87099453287717e-18,616,8,3.89217482334467,0.35,78.7666944986468,0.477615518912416,608.586452172861,TRUE,TRUE,FALSE,"Gaussian",TRUE,1.69438112998501,"mgcv::gamm_arima(1,1,0)",3.41726005892028e-12,FALSE,616,4.48646688373998e-16,"ENSG00000160352.17","ZNF714"
"ZNF493",9.02777562270002e-17,9.02777562270002e-17,616,8,3.89217482334467,0.35,73.887281151483,0.067300360469589,610.004637547854,TRUE,TRUE,FALSE,"Gaussian",TRUE,5.04625937986332,"mgcv::gamm_arima(1,1,0)",7.674906018301e-08,FALSE,616,5.05555434871201e-15,"ENSG00000196268.12","ZNF493"
"GGH",2.29369845371662e-16,2.29369845371662e-16,616,8,3.89217482334467,0.35,72.0223918556612,0.365881082089192,608.296135913079,TRUE,TRUE,FALSE,"Gaussian",FALSE,3.31576685440064,"mgcv::gamm_arima(1,1,0)",1.07374655768585e-05,FALSE,616,1.26153414954414e-14,"ENSG00000137563.14","GGH"
"SLC25A16",1.80246810106365e-15,1.80246810106365e-15,616,8,3.89217482334467,0.35,67.8992390038848,0.185521781079947,608.173131420969,TRUE,TRUE,FALSE,"Gaussian",FALSE,2.45544068743565,"mgcv::gamm_arima(1,1,0)",0.000827256662964437,FALSE,616,9.73332774574371e-14,"ENSG00000122912.16","SLC25A16"
"RRAGC",2.66931022683491e-15,2.66931022683491e-15,616,8,3.89217482334467,0.35,67.1139125957679,0.0745796806344361,608.197139496676,TRUE,TRUE,FALSE,"Gaussian",TRUE,1.68538325099809,"mgcv::gamm_arima(1,1,0)",9.46587174273284e-05,FALSE,616,1.4147344202225e-13,"ENSG00000116954.9","RRAGC"
"UBP1",3.826730025625e-15,3.826730025625e-15,616,8,3.89217482334467,0.35,66.3935314712107,0.167711525833677,608.143233970161,TRUE,TRUE,TRUE,"Gamma",TRUE,4.04333132217081,"mgcv::gamm_arima(1,1,0)",1.59953395762127e-05,FALSE,616,1.989899613325e-13,"ENSG00000153560.13","UBP1"
"PICALM",1.19719974899171e-14,1.19719974899171e-14,616,8,3.89217482334467,0.35,64.1124120291661,0.0343007474229756,608.109526584958,TRUE,TRUE,FALSE,"Gaussian",TRUE,2.097605845554,"mgcv::gamm_arima(1,1,0)",0.000744133887541569,FALSE,616,6.10571871985774e-13,"ENSG00000073921.19","PICALM"
"GSKIP",5.11211215912262e-14,5.11211215912262e-14,616,8,3.89217482334467,0.35,61.2091572894433,0.385987674161225,608.178534813102,TRUE,TRUE,FALSE,"Gaussian",TRUE,4.87114016494734,"mgcv::gamm_arima(1,1,0)",1.54479959043681e-05,FALSE,616,2.55605607956131e-12,"ENSG00000100744.16","GSKIP"
"PNRC2",3.84112640601941e-13,3.84112640601941e-13,616,8,3.89217482334467,0.35,57.1756811008727,0.146783745590039,609.810644776276,TRUE,TRUE,TRUE,"Gamma",TRUE,6.98280576851601,"mgcv::gamm_arima(1,1,0)",1.86825054592096e-12,FALSE,616,1.88215193894951e-11,"ENSG00000189266.14","PNRC2"
"SPICE1",7.19366558197685e-13,7.19366558197685e-13,616,8,3.89217482334467,0.35,55.9208107008308,0.0165680155777033,610.006391154767,TRUE,TRUE,FALSE,"Gaussian",TRUE,1.38966246969905,"mgcv::gamm_arima(1,1,0)",8.33426785073179e-14,FALSE,616,3.45295947934889e-11,"ENSG00000163611.12","SPICE1"
"EXOC1",1.68540088401938e-11,1.68540088401938e-11,616,8,3.89217482334467,0.35,49.6128651481249,0.130788371005431,610.007635443308,TRUE,TRUE,FALSE,"Gaussian",FALSE,1.70634774202009,"mgcv::gamm_arima(1,1,0)",1.83648229469407e-08,FALSE,616,7.9213841548911e-10,"ENSG00000090989.19","EXOC1"
"ENSG00000291072",2.21073845526668e-11,2.21073845526668e-11,616,8,3.89217482334467,0.35,49.0702188411269,0.15783728811605,608.390869322997,TRUE,TRUE,FALSE,"Gaussian",TRUE,1.67848732914013,"mgcv::gamm_arima(1,1,0)",9.63110425664302e-09,FALSE,616,1.01693968942267e-09,"ENSG00000291072.2","ENSG00000291072"
"ANGEL2",3.97981045252825e-11,3.97981045252825e-11,616,8,3.89217482334467,0.35,47.8944036595303,0.154361813151908,610.005320756803,TRUE,TRUE,FALSE,"Gaussian",FALSE,1.69395876971146,"mgcv::gamm_arima(1,1,0)",8.70242167254388e-17,FALSE,616,1.79091470363771e-09,"ENSG00000174606.15","ANGEL2"
"CDH24",2.63218378890859e-10,2.63218378890859e-10,616,8,3.89217482334467,0.35,44.1160741806052,0.349580778894825,608.632074863926,TRUE,TRUE,FALSE,"Gaussian",TRUE,1.73964167285865,"mgcv::gamm_arima(1,1,0)",8.43108264291225e-13,FALSE,616,1.15816086711978e-08,"ENSG00000139880.21","CDH24"
"SPIRE2",4.62289259138213e-10,4.62289259138213e-10,616,8,3.89217482334467,0.35,42.9896606374723,0.270729523899143,609.122170889733,TRUE,TRUE,FALSE,"Gaussian",TRUE,3.3850150738389,"mgcv::gamm_arima(1,1,0)",6.8046786113639e-09,FALSE,616,1.98784381429432e-08,"ENSG00000204991.12","SPIRE2"
"NSA2",5.6527999730928e-10,5.6527999730928e-10,616,8,3.89217482334467,0.35,42.5873998741554,0.016800331558846,610.011372706324,TRUE,TRUE,FALSE,"Gaussian",FALSE,1.5733102761561,"mgcv::gamm_arima(1,1,0)",3.59636936912555e-08,FALSE,616,2.37417598869898e-08,"ENSG00000164346.11","NSA2"
"DNAJC24",4.0123359339453e-09,4.0123359339453e-09,616,8,3.89217482334467,0.35,38.6677844761252,0.158650382728319,610.008419563273,TRUE,TRUE,FALSE,"Gaussian",TRUE,1.74418295874029,"mgcv::gamm_arima(1,1,0)",1.44121917645288e-10,FALSE,616,1.64505773291757e-07,"ENSG00000170946.16","DNAJC24"
"HIGD1A",1.04055813220222e-08,1.04055813220222e-08,616,8,3.89217482334467,0.35,36.761847018347,0.401565356908198,608.263659079115,TRUE,TRUE,FALSE,"Gaussian",TRUE,2.15797198036024,"mgcv::gamm_arima(1,1,0)",9.83940469656174e-06,FALSE,616,4.16223252880887e-07,"ENSG00000181061.15","HIGD1A"
"ZFP90",3.16534033844192e-08,3.16534033844192e-08,616,8,3.89217482334467,0.35,34.5368403244884,0.125611965434031,610.008538344872,TRUE,TRUE,FALSE,"Gaussian",TRUE,2.26243993224436,"mgcv::gamm_arima(1,1,0)",2.21283690123465e-14,FALSE,616,1.23448273199235e-06,"ENSG00000184939.16","ZFP90"
"CCDC149",1.71148688221623e-07,1.71148688221623e-07,616,8,3.89217482334467,0.35,31.1614662729899,0.0317015153810015,610.044184344252,TRUE,TRUE,FALSE,"Gaussian",FALSE,2.48975608642167,"mgcv::gamm_arima(1,1,0)",2.25887857964719e-06,FALSE,616,6.50365015242167e-06,"ENSG00000181982.21","CCDC149"
"RAP1GDS1",7.88610329776e-07,7.88610329776e-07,616,8,3.89217482334467,0.35,28.1059870334193,0.416953178096704,609.997456073797,TRUE,TRUE,FALSE,"Gaussian",TRUE,2.05461296181914,"mgcv::gamm_arima(1,1,0)",1.65295581406978e-07,FALSE,616,2.9178582201712e-05,"ENSG00000138698.16","RAP1GDS1"
"SYNM",2.44358328336168e-06,2.44358328336168e-06,616,8,3.89217482334467,0.35,25.8440900743644,0.0653342409850001,611.999999566956,TRUE,TRUE,FALSE,"Gaussian",FALSE,1.05155167960332,"mgcv::gamm_arima(1,1,0)",4.08591926012899e-24,FALSE,616,8.79689982010206e-05,"ENSG00000182253.15","SYNM"
"TMEM183A",4.91335670326656e-06,4.91335670326656e-06,616,8,3.89217482334467,0.35,24.4471064069021,-0.00200550051239468,608.100826992853,TRUE,TRUE,FALSE,"Gaussian",TRUE,1.82005317065855,"mgcv::gamm_arima(1,1,0)",1.50416594432567e-12,FALSE,616,0.00017196748461433,"ENSG00000163444.13","TMEM183A"
"HIPK2",1.85818937485197e-05,1.85818937485197e-05,616,8,3.89217482334467,0.35,21.7866458114804,0.38316353761567,610.004321377013,TRUE,TRUE,FALSE,"Gaussian",TRUE,2.95533760986655,"mgcv::gamm_arima(1,1,0)",5.19076128495388e-08,FALSE,616,0.00063178438744967,"ENSG00000064393.17","HIPK2"
"SH3PXD2A",2.23815025102429e-05,2.23815025102429e-05,616,8,3.89217482334467,0.35,21.4145514420816,0.200580428001347,610.00763817762,TRUE,TRUE,FALSE,"Gaussian",FALSE,2.32841084822522,"mgcv::gamm_arima(1,1,0)",2.44698449792019e-08,FALSE,616,0.000738589582838015,"ENSG00000107957.17","SH3PXD2A"
"NCF1C",3.52810614870494e-05,3.52810614870494e-05,616,8,3.89217482334467,0.35,20.5043284795538,0.116634629649549,610.196558710339,TRUE,TRUE,FALSE,"Gaussian",TRUE,2.3947683295306,"mgcv::gamm_arima(1,1,0)",8.45593275317326e-13,FALSE,616,0.00112899396758558,"ENSG00000296524.1","NCF1C"
"NPY1R",0.000148360274752744,0.000148360274752744,616,8,3.89217482334467,0.35,17.6317339068237,0.330100700659111,608.40067983861,TRUE,TRUE,FALSE,"Gaussian",TRUE,1.54260281290427,"mgcv::gamm_arima(1,1,0)",1.48541051946787e-21,FALSE,616,0.00459916851733506,"ENSG00000164128.8","NPY1R"
"DUOXA2",0.000166611275285634,0.000166611275285634,538,8,3.89809108350572,0.35,17.3996943034726,-0.000493968144274604,532.679803134559,TRUE,TRUE,FALSE,"Gaussian",FALSE,1,"mgcv::gamm_arima(1,1,0)",1.85076889235837e-10,FALSE,538,0.00499833825856901,"ENSG00000140274.15","DUOXA2"
"TLN2",0.000385987613089274,0.000385987613089274,616,8,3.89217482334467,0.35,15.7194105589133,0.253266307545652,610.014877786621,TRUE,TRUE,FALSE,"Gaussian",TRUE,2.49165206233777,"mgcv::gamm_arima(1,1,0)",2.11929029114626e-10,FALSE,616,0.0111936407795889,"ENSG00000171914.18","TLN2"
"ENSG00000254706",0.000624635693291422,0.000624635693291422,616,8,3.89217482334467,0.35,14.7566839378169,0.121429041139258,610.333775511858,TRUE,TRUE,FALSE,"Gaussian",TRUE,1.18556294896494,"mgcv::gamm_arima(1,1,0)",1.07095144692118e-14,FALSE,616,0.0174897994121598,"ENSG00000254706.3","ENSG00000254706"
"PMEPA1",0.000648721332044416,0.000648721332044416,616,8,3.89217482334467,0.35,14.6810146279749,-0.00534658079909067,610.014786435407,TRUE,TRUE,FALSE,"Gaussian",TRUE,5.16360371761129,"mgcv::gamm_arima(1,1,0)",0.00118779034072154,FALSE,616,0.0175154759651992,"ENSG00000124225.16","PMEPA1"
"ETFRF1",0.00112353321104482,0.00112353321104482,616,8,3.89217482334467,0.35,13.5825538128665,0.0714748802593517,608.295770523672,TRUE,TRUE,FALSE,"Gaussian",FALSE,1.98797982397529,"mgcv::gamm_arima(1,1,0)",8.89080272350374e-13,FALSE,616,0.0292118634871654,"ENSG00000205707.12","ETFRF1"
"POLR2J4",0.00222667457763064,0.00222667457763064,616,8,3.89217482334467,0.35,12.2144920545597,0.281394219292891,610.005746816873,TRUE,TRUE,FALSE,"Gaussian",TRUE,6.34321337583096,"mgcv::gamm_arima(1,1,0)",0.000249934233122624,FALSE,616,0.0556668644407661,"ENSG00000290758.3","POLR2J4"
"A4GALT",0.00241194060579474,0.00241194060579474,616,8,3.89217482334467,0.35,12.0546472497672,0.241083297044202,610.022685397244,TRUE,TRUE,FALSE,"Gaussian",TRUE,1.48177461326153,"mgcv::gamm_arima(1,1,0)",1.34476258401943e-09,FALSE,616,0.0578865745390738,"ENSG00000128274.18","A4GALT"
"TMEM38A",0.00341257140022936,0.00341257140022936,616,8,3.89217482334467,0.35,11.3605783910916,-0.00913315300070683,610.021365017613,TRUE,TRUE,FALSE,"Gaussian",TRUE,1.92441435675024,"mgcv::gamm_arima(1,1,0)",1.36536803211537e-09,FALSE,616,0.0784891422052752,"ENSG00000072954.8","TMEM38A"
"GDI1",0.00603187650127519,0.00603187650127519,616,8,3.89217482334467,0.35,10.2213942448252,0.164832646595196,608.192847627404,TRUE,TRUE,FALSE,"Gaussian",TRUE,1.96068612684073,"mgcv::gamm_arima(1,1,0)",4.93729940469832e-12,FALSE,616,0.132701283028054,"ENSG00000203879.13","GDI1"
"LINC02362",0.00930216075758027,0.00930216075758027,616,8,3.89217482334467,0.35,9.35501713256963,-0.00619510612912944,609.385647264762,TRUE,TRUE,FALSE,"Gaussian",TRUE,2.68016651530891,"mgcv::gamm_arima(1,1,0)",0.000500268192102506,FALSE,616,0.195345375909186,"ENSG00000249096.8","LINC02362"
"CENPV",0.0108922964045605,0.0108922964045605,616,8,3.89217482334467,0.35,9.03939898297813,0.327712672634031,610.004846587749,TRUE,TRUE,FALSE,"Gaussian",TRUE,1.57721405520437,"mgcv::gamm_arima(1,1,0)",5.21975287994972e-10,FALSE,616,0.21784592809121,"ENSG00000166582.12","CENPV"
"KPNA6",0.0197610669021088,0.0197610669021088,616,8,3.89217482334467,0.35,7.84808319019658,0.274149827668488,609.108969737162,TRUE,TRUE,FALSE,"Gaussian",TRUE,78.7527090558076,"mgcv::gamm_arima(1,1,0)",1.85082987583816e-14,FALSE,616,0.375460271140066,"ENSG00000025800.14","KPNA6"
"CYBB",0.0228377503974906,0.0228377503974906,616,8,3.89217482334467,0.35,7.5586807860509,0.195399813028855,609.451834537877,TRUE,TRUE,FALSE,"Gaussian",TRUE,1.68741675384954,"mgcv::gamm_arima(1,1,0)",1.32629925701646e-18,FALSE,616,0.411079507154831,"ENSG00000165168.10","CYBB"
"IFIT3",0.0231097235812097,0.0231097235812097,616,8,3.89217482334467,0.35,7.53500363154171,-0.00249934850840616,610.034223725933,TRUE,TRUE,FALSE,"Gaussian",TRUE,4.92547130934377,"mgcv::gamm_arima(1,1,0)",7.8451745873147e-06,FALSE,616,0.411079507154831,"ENSG00000119917.15","IFIT3"
"ENSG00000274322",0.0309566307209699,0.0309566307209699,616,8,3.89217482334467,0.35,6.95033612604948,0.0390855072205949,608.087396742351,TRUE,TRUE,FALSE,"Gaussian",TRUE,52.8217384276593,"mgcv::gamm_arima(1,1,0)",1.77247151010428e-19,FALSE,616,0.495306091535518,"ENSG00000274322.1","ENSG00000274322"
"ZNF398",0.0329558027297855,0.0329558027297855,616,8,3.89217482334467,0.35,6.82517585282631,0.0546714815245043,610.018787428087,TRUE,TRUE,FALSE,"Gaussian",TRUE,5.87902670781774,"mgcv::gamm_arima(1,1,0)",0.000106207807534612,FALSE,616,0.495306091535518,"ENSG00000197024.10","ZNF398"
"EFNB2",0.0373389360765719,0.0373389360765719,616,8,3.89217482334467,0.35,6.57543726827089,0.0169196474554256,610.032706049283,TRUE,TRUE,FALSE,"Gaussian",TRUE,45.4670370987415,"mgcv::gamm_arima(1,1,0)",2.24954421978678e-15,FALSE,616,0.522745105072007,"ENSG00000125266.9","EFNB2"
"TM7SF2",0.0638754675248021,0.0638754675248021,616,8,3.89217482334467,0.35,5.50163982222875,0.0675887241232325,610.030802450996,TRUE,TRUE,FALSE,"Gaussian",TRUE,2.6952654898932,"mgcv::gamm_arima(1,1,0)",1.23679796452632e-13,FALSE,616,0.830381077822427,"ENSG00000149809.18","TM7SF2"
"RELCH",0.0701394441353563,0.0701394441353563,616,8,3.89217482334467,0.35,5.31453991874969,0.338847972549726,608.481202769231,TRUE,TRUE,FALSE,"Gaussian",TRUE,1.3752795558632,"mgcv::gamm_arima(1,1,0)",3.27368659515145e-15,FALSE,616,0.841673329624275,"ENSG00000134444.16","RELCH"
"GSR",0.0716364445831952,0.0716364445831952,616,8,3.89217482334467,0.35,5.27230266390961,0.0416552548773184,610.025764184931,TRUE,TRUE,FALSE,"Gaussian",TRUE,2.28398205001429,"mgcv::gamm_arima(1,1,0)",3.17644068215676e-10,FALSE,616,0.841673329624275,"ENSG00000104687.15","GSR"
"SNX4",0.215117985263805,0.215117985263805,616,8,3.89217482334467,0.35,3.07313726540815,0.213729337982037,610.024344525394,TRUE,TRUE,FALSE,"Gaussian",TRUE,7.06965105289954,"mgcv::gamm_arima(1,1,0)",7.66457566000141e-15,FALSE,616,1,"ENSG00000114520.12","SNX4"
"NFKBIB",0.216159626047615,0.216159626047615,616,8,3.89217482334467,0.35,3.06347626950264,0.193937543630946,610.202369154393,TRUE,TRUE,FALSE,"Gaussian",TRUE,1.88943998487775,"mgcv::gamm_arima(1,1,0)",1.19218911139222e-05,FALSE,616,1,"ENSG00000104825.18","NFKBIB"
"PTGER4",0.229269613831929,0.229269613831929,616,8,3.89217482334467,0.35,2.94571322997308,0.0650316950597122,608.458113715557,TRUE,TRUE,FALSE,"Gaussian",TRUE,278.016770332329,"mgcv::gamm_arima(1,1,0)",5.97993952173684e-32,FALSE,616,1,"ENSG00000171522.7","PTGER4"
"EPB41L4A-AS1",0.333645578633169,0.333645578633169,616,8,3.89217482334467,0.35,2.19535198246376,0.36624899407373,610.019807956547,TRUE,TRUE,TRUE,"Gamma",TRUE,3.66499723460032,"mgcv::gamm_arima(1,1,0)",0.00482563260391863,FALSE,616,1,"ENSG00000224032.10","EPB41L4A-AS1"
"ASMTL",0.36946878263612,0.36946878263612,616,8,3.89217482334467,0.35,1.99137805517239,0.0132575103438881,610.015970248912,TRUE,TRUE,FALSE,"Gaussian",TRUE,3.34930724610493,"mgcv::gamm_arima(1,1,0)",5.54203550833831e-07,FALSE,616,1,"ENSG00000169093.17","ASMTL"
"SAR1B",0.473917512198141,0.473917512198141,616,8,3.89217482334467,0.35,1.49344399465917,0.0461556220488556,608.913416346242,TRUE,TRUE,TRUE,"Gamma",TRUE,3.59011908684528,"mgcv::gamm_arima(1,1,0)",2.60602745380929e-07,FALSE,616,1,"ENSG00000152700.15","SAR1B"
"PBX2",0.501510092507133,0.501510092507133,616,8,3.89217482334467,0.35,1.3802630942846,-0.00184543165111539,610.033825929004,TRUE,TRUE,FALSE,"Gaussian",TRUE,4.96978956964268,"mgcv::gamm_arima(1,1,0)",3.17830457676354e-10,FALSE,616,1,"ENSG00000204304.12","PBX2"
"MCC",0.521821291465575,0.521821291465575,616,8,3.89217482334467,0.35,1.30086020646013,-0.00732131044865625,610.48489842033,TRUE,TRUE,FALSE,"Gaussian",TRUE,23.4864267204515,"mgcv::gamm_arima(1,1,0)",4.85654385968034e-18,FALSE,616,1,"ENSG00000171444.19","MCC"
"DES",0.769632951960934,0.769632951960934,616,8,3.89217482334467,0.35,0.523683127100412,0.198861733695037,610.060590415638,TRUE,TRUE,FALSE,"Gaussian",TRUE,4.11504455106073,"mgcv::gamm_arima(1,1,0)",1.21538805269283e-05,FALSE,616,1,"ENSG00000175084.14","DES"
"ATG5",0.83487377673077,0.83487377673077,616,8,3.89217482334467,0.35,0.360949462299686,0.0517136470283651,608.313498105925,TRUE,TRUE,FALSE,"Gaussian",FALSE,2.97322550365586,"mgcv::gamm_arima(1,1,0)",1.30952059431532e-06,FALSE,616,1,"ENSG00000057663.17","ATG5"
