transcript_id	gene_name
ENST00000162391.8	FOXJ2
ENST00000187762.7	TMEM38A
ENST00000221130.11	GSR
ENST00000221818.5	CCNP
ENST00000231121.3	HAND1
ENST00000233735.2	REG1A
ENST00000239117.3	KCNIP2
ENST00000243082.4	HOXC11
ENST00000249005.3	A4GALT
ENST00000251775.9	SNX4
ENST00000253952.9	THOC6
ENST00000256103.3	PMP2
ENST00000256858.10	RELCH
ENST00000258106.11	EMX1
ENST00000260118.7	GGH
ENST00000260604.8	PNPT1
ENST00000261252.4	PRMT8
ENST00000261448.6	CASQ2
ENST00000262643.8	CCNE1
ENST00000263281.7	GIPR
ENST00000263339.4	IL1A
ENST00000264079.11	MCOLN1
ENST00000264381.8	BCHE
ENST00000264572.11	RAP1GDS1
ENST00000265626.8	PMEPA1
ENST00000265651.8	FBXO3
ENST00000265870.7	SLC25A16
ENST00000267383.5	CDH24
ENST00000268154.9	ZNF710
ENST00000272602.7	CNGA3
ENST00000273951.13	GC
ENST00000279263.14	TM7SF2
ENST00000279441.9	MMP10
ENST00000282146.5	KCNK13
ENST00000283628.9	UBP1
ENST00000283629.8	UBP1
ENST00000284240.10	THY1
ENST00000290399.11	SIM2
ENST00000293371.11	DCD
ENST00000295872.8	SPICE1
ENST00000296533.3	NPY1R
ENST00000296802.9	NSA2
ENST00000297404.1	KCNV1
ENST00000299339.3	CLDN10
ENST00000299736.5	CENPV
ENST00000301286.5	PLIN4
ENST00000301686.13	METTL26
ENST00000302472.4	PTGER4
ENST00000302475.9	MCC
ENST00000304207.12	GIPR
ENST00000304749.7	CST1
ENST00000305089.8	REG1B
ENST00000305165.3	REG3A
ENST00000307017.9	USP38
ENST00000308919.12	CYP2W1
ENST00000309877.11	IRF3
ENST00000310597.6	ZNHIT2
ENST00000311181.5	B4GAT1
ENST00000312481.11	COL6A5
ENST00000313582.6	NFKBIB
ENST00000313683.15	PNMA8A
ENST00000314481.4	LINC02880
ENST00000315870.10	ING3
ENST00000315994.6	SH3PXD2A
ENST00000316227.3	PRIMA1
ENST00000321322.6	DSCAML1
ENST00000321331.12	HIGD1A
ENST00000322343.11	HORMAD1
ENST00000323030.6	DUOXA2
ENST00000324079.11	TDRP
ENST00000324309.8	CCDC149
ENST00000326080.10	FAXDC2
ENST00000326266.13	THOC6
ENST00000326391.7	POLR2J4
ENST00000328306.4	SLC9A7
ENST00000328642.11	SYNM
ENST00000329078.8	SPNS2
ENST00000332118.11	SRPRA
ENST00000332800.7	GH2
ENST00000334351.8	PNRC2
ENST00000334567.9	TMEM212
ENST00000336292.11	SYNM
ENST00000336600.7	LINC03040
ENST00000336917.9	ZNF385B
ENST00000338042.11	MEF2A
ENST00000338401.8	METTL26
ENST00000339121.9	ING3
ENST00000339360.9	RAP1GDS1
ENST00000339914.6	ZNF493
ENST00000340150.10	CYP2W1
ENST00000340157.9	VRK2
ENST00000341396.2	LBX2
ENST00000341744.8	PMEPA1
ENST00000341747.8	PRR19
ENST00000342645.7	HIPK2
ENST00000343195.8	KCNIP2
ENST00000343245.7	ATG5
ENST00000343575.11	CXCL12
ENST00000345348.9	TM7SF2
ENST00000346134.11	EXOC1
ENST00000347215.8	PMEPA1
ENST00000348850.9	KCNIP2
ENST00000349598.6	EXOC1
ENST00000350243.10	DUOXA2
ENST00000351797.9	FAM114A2
ENST00000352385.3	IGDCC4
ENST00000353068.7	KCNIP2
ENST00000354410.9	MEF2A
ENST00000354822.7	NKX2-1
ENST00000355504.4	ZNF493
ENST00000355657.6	KCNIP2
ENST00000355946.7	SH3PXD2A
ENST00000356360.9	PICALM
ENST00000356640.7	KCNIP2
ENST00000356768.8	PCYT1B
ENST00000357943.9	CCNE1
ENST00000358038.7	KCNIP2
ENST00000359791.5	NPSR1
ENST00000360032.4	DMBX1
ENST00000360506.6	ANGEL2
ENST00000360581.6	NPSR1
ENST00000360666.6	ATG5
ENST00000361664.7	SAXO5
ENST00000361824.7	HORMAD1
ENST00000362058.2	ENSG00000291072
ENST00000366962.8	ANGEL2
ENST00000367242.4	TMEM183A
ENST00000367932.3	ENSG00000254706
ENST00000368092.7	SLAMF9
ENST00000368093.4	SLAMF9
ENST00000368632.6	HDAC2
ENST00000368762.2	SPRR1A
ENST00000368987.5	HORMAD1
ENST00000368995.8	HORMAD1
ENST00000369070.5	ATG5
ENST00000369073.3	PLPP4
ENST00000369076.8	ATG5
ENST00000369304.8	ITGA10
ENST00000369774.9	SH3PXD2A
ENST00000370046.5	KCNIP2
ENST00000371169.2	ENSG00000203971
ENST00000371811.4	IFIT3
ENST00000371818.9	IFIT3
ENST00000373001.4	RRAGC
ENST00000373157.9	COL6A5
ENST00000373409.8	UGT1A4
ENST00000373625.8	KPNA6
ENST00000373960.4	DES
ENST00000374426.6	CXCL12
ENST00000374429.6	CXCL12
ENST00000374468.1	PNRC2
ENST00000375050.6	PBX2
ENST00000376228.10	HLA-C
ENST00000376237.8	HLA-C
ENST00000376312.3	DEFB121
ENST00000376314.3	DEFB121
ENST00000376819.4	ANGPTL7
ENST00000376855.1	CLDN10
ENST00000376873.7	CLDN10
ENST00000377139.8	IRF3
ENST00000377566.9	LBX2
ENST00000378247.8	SPIRE2
ENST00000378588.5	CYBB
ENST00000379144.7	PCYT1B
ENST00000379145.5	PCYT1B
ENST00000379361.5	PTCHD1
ENST00000379419.8	PDE7A
ENST00000380158.8	RAP1GDS1
ENST00000380588.5	IGSF5
ENST00000381278.4	A4GALT
ENST00000381295.7	EXOC1
ENST00000381317.9	ASMTL
ENST00000381333.9	ASMTL
ENST00000381356.9	ETFRF1
ENST00000381539.3	NPSR1
ENST00000381542.5	NPSR1
ENST00000381544.6	NPSR1
ENST00000381553.7	NPSR1
ENST00000381813.5	CYS1
ENST00000382622.4	PRMT8
ENST00000382865.5	POLN
ENST00000383329.7	HLA-C
ENST00000383748.9	KRBOX1
ENST00000389420.8	ADAMTS20
ENST00000389609.8	CCDC149
ENST00000392079.7	NFKBIB
ENST00000392288.7	ZNF493
ENST00000393062.6	SPIRE2
ENST00000393140.6	PRIMA1
ENST00000393143.5	PRIMA1
ENST00000393346.8	PICALM
ENST00000393437.8	LONRF2
ENST00000393503.2	CNGA3
ENST00000393878.5	REG3A
ENST00000394111.6	EMX1
ENST00000394321.9	MCOLN1
ENST00000395793.7	CXCL12
ENST00000395794.2	CXCL12
ENST00000395814.5	PMEPA1
ENST00000395816.7	PMEPA1
ENST00000395819.3	PMEPA1
ENST00000395949.2	DNAJC24
ENST00000396095.6	NPSR1
ENST00000396588.6	MFF-DT
ENST00000396642.7	PDE7A
ENST00000397359.7	CDH24
ENST00000397664.8	METTL26
ENST00000397665.6	METTL26
ENST00000397666.6	METTL26
ENST00000398130.6	RELCH
ENST00000398250.6	PLPP4
ENST00000398253.6	ZFP90
ENST00000398402.1	CST1
ENST00000401827.8	PDE7A
ENST00000401850.5	A4GALT
ENST00000402673.7	SAR1B
ENST00000402883.5	FRMD5
ENST00000406875.8	HIPK2
ENST00000408900.7	RAP1GDS1
ENST00000408903.7	MCC
ENST00000408927.8	RAP1GDS1
ENST00000409343.5	ZNF385B
ENST00000409647.1	LONRF2
ENST00000409692.5	ZNF385B
ENST00000409839.7	REG3A
ENST00000409937.1	CNGA3
ENST00000410066.7	ZNF385B
ENST00000411650.5	UBP1
ENST00000411909.1	AZGP1P1
ENST00000412104.6	VRK2
ENST00000412270.1	ENSG00000284830
ENST00000412856.7	SEPTIN7-DT
ENST00000413077.4	ZNF232-AS1
ENST00000413183.3	PPP1R2
ENST00000413221.7	EPB41L4A-AS1
ENST00000413290.1	ENSG00000224099
ENST00000414037.5	PMEPA1
ENST00000415109.5	GDI1
ENST00000415374.5	PNPT1
ENST00000415489.1	PNPT1
ENST00000415537.1	HLA-C
ENST00000415893.1	CYP2W1
ENST00000417257.6	FRMD5
ENST00000417641.6	VRK2
ENST00000418176.1	KRBOX1
ENST00000418424.2	POLR2J4
ENST00000418900.6	HIGD1A
ENST00000418939.1	PPP1R2
ENST00000420220.1	ENSG00000254706
ENST00000420222.2	SH3PXD2A
ENST00000420375.5	TMEM212
ENST00000421019.1	PELATON
ENST00000421147.5	LINC02474
ENST00000421674.5	FRMD5
ENST00000422304.2	POLR2J4
ENST00000422393.5	PLP1
ENST00000422459.3	PELATON
ENST00000422761.1	ATP6V1B1-AS1
ENST00000423504.3	LINC02828
ENST00000423554.5	FAXDC2
ENST00000423893.7	GH2
ENST00000424194.1	SEPTIN7-DT
ENST00000424404.1	FEZF1-AS1
ENST00000425474.6	AZGP1P1
ENST00000425497.6	PELATON
ENST00000425524.1	POLR2J4
ENST00000425625.5	ZNF714
ENST00000425835.6	HDAC2
ENST00000426851.6	ZNF398
ENST00000427076.5	POLR2J4
ENST00000427306.4	EPB41L4A-AS1
ENST00000427726.5	ING3
ENST00000428021.1	VRK2
ENST00000428177.2	FOXJ2
ENST00000428449.5	FEZF1-AS1
ENST00000428878.6	HIPK2
ENST00000429805.1	PNPT1
ENST00000429967.3	APLN
ENST00000430190.5	HIGD1A
ENST00000430325.7	CCNP
ENST00000430494.2	MYOSLID
ENST00000431229.1	SIM2
ENST00000431467.1	ING3
ENST00000431696.1	ENSG00000254706
ENST00000432057.2	VRK2
ENST00000433324.2	MFF-DT
ENST00000433491.5	PLP1
ENST00000434049.1	GDI1
ENST00000434163.5	KCNIP2
ENST00000434483.5	PLP1
ENST00000435505.6	VRK2
ENST00000435643.1	MYOSLID
ENST00000436404.6	CNGA3
ENST00000436714.1	ENSG00000230941
ENST00000437235.8	SEPTIN7-DT
ENST00000437317.2	FEZF1-AS1
ENST00000437673.6	MFF-DT
ENST00000438382.2	NCF1C
ENST00000438650.5	GSKIP
ENST00000438848.5	PPP1R2
ENST00000438871.2	ZNF385B
ENST00000438932.2	PNMA8A
ENST00000439340.1	ZNF385B
ENST00000439578.5	SAR1B
ENST00000439598.6	MFF-DT
ENST00000439795.1	LINC02794
ENST00000439904.3	SLC25A16
ENST00000439969.3	LINC03040
ENST00000439986.9	CCBE1
ENST00000440326.4	MYOSLID
ENST00000440705.6	VRK2
ENST00000441160.1	LINC02474
ENST00000442027.6	NFIA-AS1
ENST00000442114.6	LINC03040
ENST00000442265.3	IRF3
ENST00000442823.4	EPB41L4A-AS1
ENST00000442853.5	HORMAD1
ENST00000443055.1	PHACTR3-AS1
ENST00000443502.5	PLP1
ENST00000444436.1	ENSG00000229976
ENST00000444983.6	CCNE1
ENST00000445003.5	PELATON
ENST00000445564.5	GDI1
ENST00000445699.5	ING3
ENST00000445883.1	ENSG00000233068
ENST00000446515.1	KPNA6
ENST00000446874.5	POLR2J4
ENST00000447368.6	UBP1
ENST00000447639.1	ATP6V1B1-AS1
ENST00000447643.1	POLR2J4
ENST00000447750.7	GDI1
ENST00000447944.7	PNPT1
ENST00000448947.2	LINC03040
ENST00000448973.6	METTL26
ENST00000448981.6	FBXO3
ENST00000449175.1	MIR600HG
ENST00000449277.6	MEF2A
ENST00000449787.6	GH2
ENST00000449926.5	FRMD5
ENST00000450233.1	UGT1A4
ENST00000450255.2	ENSG00000233068
ENST00000450693.1	TMEM212
ENST00000450860.1	ENSG00000228427
ENST00000451277.5	FRMD5
ENST00000451510.1	PHACTR3-AS1
ENST00000451732.6	ZNF385B
ENST00000452611.6	PRMT8
ENST00000452906.3	HIGD1A
ENST00000453179.1	LINC02828
ENST00000453712.6	RAP1GDS1
ENST00000454188.5	REG1B
ENST00000454396.2	ENSG00000233068
ENST00000454444.1	MYOSLID
ENST00000454572.1	POLR2J4
ENST00000455268.5	PLP1
ENST00000456047.2	DCD
ENST00000456283.7	ZNF714
ENST00000456378.1	UBP1
ENST00000456420.6	METTL26
ENST00000456522.1	PTCHD1
ENST00000456543.6	GH2
ENST00000456803.5	LINC02794
ENST00000457304.5	ZNF385B
ENST00000458630.5	FRMD5
ENST00000459922.1	IGSF5
ENST00000460337.5	ANGEL2
ENST00000460388.5	KCNIP2
ENST00000460437.1	PPP1R2
ENST00000460508.3	LBX2
ENST00000460783.1	SIM2
ENST00000460832.1	SPICE1
ENST00000460984.1	GDI1
ENST00000461105.5	KCNIP2
ENST00000461231.5	PLP1
ENST00000461579.1	REG1A
ENST00000462195.6	ASMTL
ENST00000462453.1	CYP2W1
ENST00000462906.1	PPP1R2
ENST00000463015.1	TMEM183A
ENST00000463222.1	VRK2
ENST00000463763.6	ASMTL
ENST00000463888.1	KRBOX1
ENST00000463918.1	ZNF385B
ENST00000464675.2	EMX1
ENST00000464746.1	REG3A
ENST00000464776.5	PLP1
ENST00000464787.1	UBP1
ENST00000464933.5	SLC9A7
ENST00000465305.5	NPSR1
ENST00000465505.2	SNX4
ENST00000465640.1	GDI1
ENST00000465765.2	A4GALT
ENST00000465946.1	ENSG00000242775
ENST00000465975.1	PLP1
ENST00000465995.6	DNAJC24
ENST00000466398.5	ZNF385B
ENST00000466441.5	UBP1
ENST00000466486.1	PLP1
ENST00000466773.5	SLAMF9
ENST00000466892.5	HLA-C
ENST00000467297.1	TLN2
ENST00000467381.1	ENSG00000290455
ENST00000467613.5	UBP1
ENST00000467618.1	SPICE1
ENST00000468261.1	ITGA10
ENST00000468449.5	TMEM183A
ENST00000468456.1	CYP2W1
ENST00000468483.5	GDI1
ENST00000469052.1	REG1B
ENST00000469551.5	ZNF385B
ENST00000469790.1	KPNA6
ENST00000469981.1	TMEM212
ENST00000470363.5	HLA-C
ENST00000470397.5	HORMAD1
ENST00000470543.1	HIGD1A
ENST00000471599.5	KPNA6
ENST00000471751.5	SNX4
ENST00000471915.5	PNRC2
ENST00000471972.1	GDI1
ENST00000472053.3	ENSG00000273132
ENST00000472570.2	CENPV
ENST00000472764.5	KCNIP2
ENST00000472841.1	PMEPA1
ENST00000472902.1	TLN2
ENST00000473303.1	ANGEL2
ENST00000473417.5	SNX4
ENST00000473732.1	EMX1
ENST00000473965.1	FRMD5
ENST00000474456.1	RRAGC
ENST00000474847.2	TLN2
ENST00000474865.6	ASMTL
ENST00000474927.1	SLC25A16
ENST00000475153.6	ZNF398
ENST00000475539.5	ZNF385B
ENST00000475645.1	ATG5
ENST00000475976.5	GDI1
ENST00000476160.1	PLP1
ENST00000476243.5	CENPV
ENST00000476518.1	ATG5
ENST00000476530.1	HORMAD1
ENST00000476540.1	GDI1
ENST00000476554.1	REG1B
ENST00000476904.5	ANGEL2
ENST00000476934.1	ANGPTL7
ENST00000477226.6	DES
ENST00000477304.1	CYS1
ENST00000477603.5	PRIMA1
ENST00000478642.5	PLP1
ENST00000478678.5	PBX2
ENST00000478687.5	VRK2
ENST00000478808.5	USP30-AS1
ENST00000479098.1	LBX2
ENST00000479258.5	REG1B
ENST00000479319.1	FRMD5
ENST00000479378.1	IGSF5
ENST00000479451.5	BCHE
ENST00000479569.5	PLP1
ENST00000480254.1	PBX2
ENST00000480325.1	PLP1
ENST00000480527.1	SPICE1
ENST00000481066.1	PNPT1
ENST00000481185.1	SIM2
ENST00000481236.1	ITGA10
ENST00000481304.5	GDI1
ENST00000481761.1	UBP1
ENST00000481918.1	ANGEL2
ENST00000482958.1	BCHE
ENST00000482965.1	SNX4
ENST00000482983.1	CENPV
ENST00000483026.2	A4GALT
ENST00000483178.2	SIM2
ENST00000483385.1	KCNIP2
ENST00000483395.1	DES
ENST00000483892.5	ZNF398
ENST00000484378.1	HLA-C
ENST00000484674.5	FRMD5
ENST00000484682.2	YWHAH-AS1
ENST00000485111.5	ZNF398
ENST00000485143.5	GDI1
ENST00000485184.1	REG1A
ENST00000485688.5	PLP1
ENST00000485922.2	CDH24
ENST00000485931.5	PLP1
ENST00000486388.5	UBP1
ENST00000486497.1	HORMAD1
ENST00000486651.1	YWHAH-AS1
ENST00000487137.7	CDH24
ENST00000487245.5	HLA-C
ENST00000488097.2	TMEM183A
ENST00000488524.1	REG1A
ENST00000488591.1	CXCL12
ENST00000488931.2	CASQ2
ENST00000488954.1	BCHE
ENST00000489098.1	SLAMF9
ENST00000489129.5	TLN2
ENST00000489574.2	SLC9A7
ENST00000489589.1	GDI1
ENST00000489723.5	ENSG00000290455
ENST00000490112.1	UBP1
ENST00000490901.2	REG3A
ENST00000491023.3	EMX1
ENST00000491102.2	SLC25A16
ENST00000491154.1	GDI1
ENST00000491174.1	ZNF398
ENST00000491894.4	SLC9A7
ENST00000491993.2	DUOXA2
ENST00000492136.1	UBP1
ENST00000492288.1	CYBB
ENST00000492726.1	DES
ENST00000493015.1	RRAGC
ENST00000493963.5	SLC25A16
ENST00000494119.1	PLP1
ENST00000494475.5	PLP1
ENST00000494733.5	TLN2
ENST00000495289.1	ZNF385B
ENST00000495300.1	PBX2
ENST00000495678.5	PLP1
ENST00000495812.5	SPICE1
ENST00000495835.1	HLA-C
ENST00000496020.1	PCYT1B
ENST00000496105.1	SPICE1
ENST00000496171.1	PBX2
ENST00000496310.1	UBP1
ENST00000496375.1	CXCL12
ENST00000496437.1	PLPP4
ENST00000496778.1	RRAGC
ENST00000496836.1	PLP1
ENST00000496859.1	SPICE1
ENST00000497011.5	BCHE
ENST00000497502.1	ING3
ENST00000498187.6	NKX2-1
ENST00000498650.1	ANGEL2
ENST00000498687.1	ENSG00000290455
ENST00000499536.2	PRR19
ENST00000500324.2	ENSG00000251567
ENST00000500370.2	SNHG10
ENST00000501718.2	ENSG00000247011
ENST00000502160.6	LINC01498
ENST00000502286.1	SAR1B
ENST00000502539.5	SAR1B
ENST00000502648.5	MCC
ENST00000502801.1	CCDC149
ENST00000503318.5	SAR1B
ENST00000503364.5	GC
ENST00000503371.5	POLN
ENST00000503472.5	GC
ENST00000503601.1	POLN
ENST00000503647.1	FTLP10
ENST00000503650.1	ENSG00000251574
ENST00000503667.5	RAP1GDS1
ENST00000503745.1	RAP1GDS1
ENST00000504199.5	GC
ENST00000504242.1	SAR1B
ENST00000504321.1	EXOC1
ENST00000504391.5	NPY1R
ENST00000504487.5	CCDC149
ENST00000504757.2	SRP72
ENST00000504790.1	NPY1R
ENST00000505089.6	LINC00504
ENST00000505234.1	GC
ENST00000505314.2	SRP72
ENST00000505378.5	RAP1GDS1
ENST00000505501.1	EXOC1
ENST00000505604.1	MCC
ENST00000505758.5	SAR1B
ENST00000505798.2	FTLP10
ENST00000505824.6	ENSG00000251574
ENST00000505903.1	ENSG00000250838
ENST00000506245.1	GC
ENST00000506250.1	TNPO1-DT
ENST00000506292.2	LINC00504
ENST00000506293.2	TNPO1-DT
ENST00000506518.1	POLN
ENST00000506605.6	MCC
ENST00000506936.1	EXOC1
ENST00000506976.6	ENSG00000251574
ENST00000506984.1	ENSG00000249945
ENST00000507096.1	CCDC149
ENST00000507126.3	SRP72
ENST00000507303.5	RAP1GDS1
ENST00000507419.5	SAR1B
ENST00000507929.4	ENSG00000254339
ENST00000507957.2	TNPO1-DT
ENST00000508213.5	RAP1GDS1
ENST00000508217.3	TNPO1-DT
ENST00000508236.1	CCDC149
ENST00000508363.5	SAR1B
ENST00000508490.5	RAP1GDS1
ENST00000508568.1	POLN
ENST00000508590.3	EPB41L4A-AS1
ENST00000508825.1	ENSG00000250775
ENST00000509011.5	RAP1GDS1
ENST00000509185.2	LMNB1-DT
ENST00000509302.5	EXOC1
ENST00000509501.5	RAP1GDS1
ENST00000509543.1	PTGER4
ENST00000509586.5	NPY1R
ENST00000509623.1	POLN
ENST00000509654.5	LINC00504
ENST00000509705.3	NFKBIB
ENST00000509730.5	SAR1B
ENST00000509740.5	GC
ENST00000509937.5	SAR1B
ENST00000510344.1	POLN
ENST00000510377.5	USP38
ENST00000510663.6	SRP72
ENST00000510870.5	RAP1GDS1
ENST00000511098.1	POLN
ENST00000511212.5	RAP1GDS1
ENST00000511242.1	MCC
ENST00000511379.5	RAP1GDS1
ENST00000511739.1	USP38
ENST00000511777.1	POLN
ENST00000511847.2	MCC
ENST00000511885.6	POLN
ENST00000511901.1	NPY1R
ENST00000511971.5	EXOC1
ENST00000512432.1	CCDC149
ENST00000512482.1	COL6A5
ENST00000512573.6	TNPO1-DT
ENST00000512578.1	PTGER4
ENST00000512819.1	NPY1R
ENST00000512836.6	COL6A5
ENST00000512857.5	RAP1GDS1
ENST00000513332.5	ENSG00000251567
ENST00000513356.1	NSA2
ENST00000513476.5	GC
ENST00000513635.1	PTGER4
ENST00000513767.3	TNPO1-DT
ENST00000513948.1	CCNP
ENST00000514122.5	RAP1GDS1
ENST00000514139.2	RAP1GDS1
ENST00000514343.1	PTGER4
ENST00000514521.5	POLN
ENST00000514701.5	MCC
ENST00000514858.5	POLN
ENST00000514918.5	NSA2
ENST00000515031.5	LINC00504
ENST00000515085.1	ENSG00000250385
ENST00000515187.5	RAP1GDS1
ENST00000515357.5	POLN
ENST00000515367.6	MCC
ENST00000515524.1	NSA2
ENST00000515701.1	NPY1R
ENST00000517448.5	FAXDC2
ENST00000517605.1	FAM114A2
ENST00000517758.1	ENSG00000251574
ENST00000517803.5	FAM114A2
ENST00000517874.1	FAXDC2
ENST00000517938.5	FAXDC2
ENST00000518102.5	FAM114A2
ENST00000518113.2	GGH
ENST00000518149.5	NKX2-1
ENST00000518276.2	ENSG00000251574
ENST00000518466.6	GGH
ENST00000518651.5	FAXDC2
ENST00000518667.1	PDE7A
ENST00000518690.5	HDAC2
ENST00000518735.1	FAM114A2
ENST00000518756.1	HDAC2
ENST00000518900.1	FAM114A2
ENST00000518914.1	FAM114A2
ENST00000518941.3	ENSG00000253295
ENST00000518946.1	FAM114A2
ENST00000518966.5	GGH
ENST00000519065.6	HDAC2
ENST00000519108.5	HDAC2
ENST00000519231.5	PDE7A
ENST00000519248.1	ENSG00000254339
ENST00000519258.1	FAXDC2
ENST00000519260.1	PMP2
ENST00000519501.5	FAXDC2
ENST00000519626.1	PDE7A
ENST00000519808.5	FAM114A2
ENST00000520170.1	HDAC2
ENST00000520313.5	FAM114A2
ENST00000520461.1	FAXDC2
ENST00000520543.2	ENSG00000254339
ENST00000520581.5	FAXDC2
ENST00000520609.5	GGH
ENST00000520667.5	FAM114A2
ENST00000520746.1	HDAC2
ENST00000520895.5	HDAC2
ENST00000520968.5	FAXDC2
ENST00000521031.1	FAM114A2
ENST00000521163.5	HDAC2
ENST00000521233.1	HDAC2
ENST00000521479.1	GSR
ENST00000521518.5	FAXDC2
ENST00000521523.6	ENSG00000254339
ENST00000521610.5	HDAC2
ENST00000522220.1	PDE7A
ENST00000522371.5	HDAC2
ENST00000522395.5	FAM114A2
ENST00000522464.1	ENSG00000251574
ENST00000522634.1	FAM114A2
ENST00000522719.4	NKX2-1
ENST00000522825.1	FAXDC2
ENST00000522838.1	ENSG00000251574
ENST00000522852.1	GGH
ENST00000522858.5	FAM114A2
ENST00000523240.5	HDAC2
ENST00000523253.1	PDE7A
ENST00000523295.5	GSR
ENST00000523334.1	HDAC2
ENST00000523434.6	ENSG00000251574
ENST00000523479.1	GGH
ENST00000523628.5	HDAC2
ENST00000523656.5	TDRP
ENST00000523682.2	ENSG00000254339
ENST00000523705.5	FAM114A2
ENST00000523788.2	GGH
ENST00000523997.5	FAXDC2
ENST00000524083.1	ENSG00000251574
ENST00000524159.1	ENSG00000251574
ENST00000524229.1	TDRP
ENST00000524246.1	FAM114A2
ENST00000524250.5	FAXDC2
ENST00000524334.1	HDAC2
ENST00000524336.5	ENSG00000251574
ENST00000524363.5	FAXDC2
ENST00000524391.6	KCNV1
ENST00000524659.1	THY1
ENST00000524690.5	TM7SF2
ENST00000524747.1	DNAJC24
ENST00000524970.5	THY1
ENST00000524986.5	TM7SF2
ENST00000525162.5	PICALM
ENST00000525385.5	TM7SF2
ENST00000525511.5	DNAJC24
ENST00000525836.1	DSCAML1
ENST00000526033.5	PICALM
ENST00000526042.5	DNAJC24
ENST00000526048.1	TM7SF2
ENST00000526085.5	TM7SF2
ENST00000526408.1	ENSG00000254409
ENST00000526529.3	DNAJC24
ENST00000526548.3	PICALM
ENST00000526615.6	MIR670HG
ENST00000526785.5	FBXO3
ENST00000526809.5	TM7SF2
ENST00000526907.1	PICALM
ENST00000526952.1	FBXO3
ENST00000526961.5	PICALM
ENST00000527590.5	THY1
ENST00000527601.5	DNAJC24
ENST00000527660.1	ENSG00000284830
ENST00000527706.5	DSCAML1
ENST00000527731.1	DNAJC24
ENST00000527772.1	FBXO3
ENST00000527817.1	SRPRA
ENST00000527851.5	TM7SF2
ENST00000527968.5	TM7SF2
ENST00000528026.5	TM7SF2
ENST00000528226.1	ENSG00000254409
ENST00000528256.1	PICALM
ENST00000528295.5	THY1
ENST00000528398.5	PICALM
ENST00000528411.1	PICALM
ENST00000528522.5	THY1
ENST00000528598.1	ZNHIT2
ENST00000528744.5	SRPRA
ENST00000528802.1	TM7SF2
ENST00000529016.5	PICALM
ENST00000529077.5	GLB1L2
ENST00000529086.5	DNAJC24
ENST00000529137.1	FBXO3
ENST00000529233.5	TM7SF2
ENST00000529292.5	TM7SF2
ENST00000529414.5	TM7SF2
ENST00000529601.5	TM7SF2
ENST00000529760.5	PICALM
ENST00000530013.5	FBXO3
ENST00000530125.1	DNAJC24
ENST00000530401.5	FBXO3
ENST00000530542.1	PICALM
ENST00000530650.5	TM7SF2
ENST00000530680.1	SRPRA
ENST00000530692.5	PICALM
ENST00000530750.5	TM7SF2
ENST00000530892.5	TM7SF2
ENST00000531029.5	TM7SF2
ENST00000531080.5	FBXO3
ENST00000531081.5	GLB1L2
ENST00000531104.1	SRPRA
ENST00000531252.5	NPSR1
ENST00000531321.5	TM7SF2
ENST00000531558.1	PICALM
ENST00000531771.5	PICALM
ENST00000531930.5	PICALM
ENST00000532041.5	PICALM
ENST00000532057.5	FBXO3
ENST00000532259.1	SRPRA
ENST00000532268.1	SRPRA
ENST00000532317.5	PICALM
ENST00000532328.5	TM7SF2
ENST00000532385.5	DNAJC24
ENST00000532603.5	PICALM
ENST00000532849.2	ENSG00000255516
ENST00000532927.5	FBXO3
ENST00000532974.1	THY1
ENST00000533103.5	FBXO3
ENST00000533324.2	GLB1L2
ENST00000533350.1	PICALM
ENST00000533358.2	MIR670HG
ENST00000533531.1	MIR670HG
ENST00000533646.1	TM7SF2
ENST00000533766.5	TM7SF2
ENST00000533840.1	THY1
ENST00000534136.5	FBXO3
ENST00000534371.5	TM7SF2
ENST00000534375.1	PICALM
ENST00000534412.5	PICALM
ENST00000534667.1	TM7SF2
ENST00000534940.6	ASMTL
ENST00000535388.2	ANGEL2
ENST00000535456.7	GLB1L2
ENST00000537535.5	GSR
ENST00000539192.1	FOXJ2
ENST00000539363.2	ITGA10
ENST00000539681.1	MMP10
ENST00000541648.5	GSR
ENST00000543701.5	PRMT8
ENST00000543891.5	TMEM183A
ENST00000544421.2	PRPF19-DT
ENST00000545631.2	MIR600HG
ENST00000546342.5	GSR
ENST00000546378.1	HOXC11
ENST00000546807.5	DCD
ENST00000549670.5	ADAMTS20
ENST00000550249.2	LBX2
ENST00000551889.1	LINC01498
ENST00000553158.5	ADAMTS20
ENST00000553559.2	SNHG10
ENST00000553699.5	GSKIP
ENST00000553788.6	ETFRF1
ENST00000554034.5	CDH24
ENST00000554169.4	SNHG10
ENST00000554182.5	GSKIP
ENST00000554266.6	ETFRF1
ENST00000554333.1	CRAT37
ENST00000554837.5	LINC00924
ENST00000555088.5	GSKIP
ENST00000555151.5	ETFRF1
ENST00000555181.6	GSKIP
ENST00000555711.6	ETFRF1
ENST00000555757.1	GSKIP
ENST00000555866.6	SNHG10
ENST00000555947.7	CRAT37
ENST00000556053.2	LINC00924
ENST00000556095.5	GSKIP
ENST00000556198.2	ETFRF1
ENST00000556351.6	ETFRF1
ENST00000556402.6	ETFRF1
ENST00000556927.6	ETFRF1
ENST00000557540.7	ETFRF1
ENST00000557785.5	MEF2A
ENST00000557942.6	MEF2A
ENST00000557994.1	ENSG00000259370
ENST00000558010.1	LINC03137
ENST00000558048.5	IGDCC4
ENST00000558049.5	MEF2A
ENST00000558108.6	FRMD5
ENST00000558404.1	ENSG00000259370
ENST00000558812.5	MEF2A
ENST00000558819.1	IGDCC4
ENST00000558856.5	MEF2A
ENST00000558883.1	ZNF710
ENST00000558888.3	ENSG00000259370
ENST00000558983.5	MEF2A
ENST00000559036.5	MEF2A
ENST00000559174.1	TLN2
ENST00000559327.1	IGDCC4
ENST00000559360.1	ZNF710
ENST00000559419.1	ZNF710
ENST00000559903.1	MEF2A
ENST00000559908.1	TLN2
ENST00000560319.1	IGDCC4
ENST00000560439.1	ENSG00000259560
ENST00000560493.5	MEF2A
ENST00000560674.5	SYNM
ENST00000560908.1	ZNF710
ENST00000560963.1	ENSG00000259370
ENST00000561121.1	ENSG00000259478
ENST00000561125.2	MEF2A
ENST00000561197.5	TLN2
ENST00000561309.1	IGDCC4
ENST00000561311.5	TLN2
ENST00000561322.1	TLN2
ENST00000561883.1	SPIRE2
ENST00000562029.5	SPIRE2
ENST00000562156.5	ZFP90
ENST00000562855.7	SLC22A31
ENST00000562897.2	ENSG00000260328
ENST00000562916.1	SLC22A31
ENST00000563061.2	LINC02165
ENST00000563169.7	ZFP90
ENST00000563595.6	SLC22A31
ENST00000563972.1	SPIRE2
ENST00000564039.1	METTL26
ENST00000564323.5	ZFP90
ENST00000564438.1	ENSG00000261790
ENST00000564558.5	ZFP90
ENST00000564878.5	SPIRE2
ENST00000565041.1	ENSG00000261790
ENST00000565103.1	SPIRE2
ENST00000565163.5	METTL26
ENST00000565628.1	SPIRE2
ENST00000565799.1	METTL26
ENST00000566337.5	SPIRE2
ENST00000566573.5	ZFP90
ENST00000568077.5	METTL26
ENST00000568161.2	SLC22A31
ENST00000568773.1	METTL26
ENST00000568830.1	METTL26
ENST00000569108.5	SPIRE2
ENST00000569109.5	ZFP90
ENST00000569323.5	ZFP90
ENST00000570495.5	ZFP90
ENST00000570641.1	SPNS2
ENST00000570712.4	ZNF232-AS1
ENST00000570884.1	ZFP90
ENST00000570979.1	SPNS2
ENST00000571046.1	THOC6
ENST00000571057.5	THOC6
ENST00000571138.6	ZNF232-AS1
ENST00000571382.5	ZFP90
ENST00000571386.1	SPNS2
ENST00000571452.1	ENSG00000263278
ENST00000571668.5	SPNS2
ENST00000571720.2	ZFP90
ENST00000571809.5	ZFP90
ENST00000572515.5	NFKBIB
ENST00000573106.1	SPNS2
ENST00000573113.3	ZFP90
ENST00000573161.1	ZFP90
ENST00000573685.5	ZFP90
ENST00000573704.5	THOC6
ENST00000573990.1	SPNS2
ENST00000574121.1	CCNE1
ENST00000574498.5	THOC6
ENST00000574549.5	THOC6
ENST00000574957.1	THOC6
ENST00000575243.5	CCNE1
ENST00000575359.5	NFKBIB
ENST00000575576.5	THOC6
ENST00000576143.5	THOC6
ENST00000576305.5	ZFP90
ENST00000576510.5	NFKBIB
ENST00000576532.1	CCNE1
ENST00000576635.6	SPNS2
ENST00000576805.5	ZFP90
ENST00000578022.2	SEPTIN4-AS1
ENST00000579103.1	PNRC2
ENST00000580256.3	PIRT
ENST00000580275.5	THY1
ENST00000580589.6	SEPTIN4-AS1
ENST00000580769.2	SEPTIN4-AS1
ENST00000582062.1	CENPV
ENST00000582536.1	ENSG00000265073
ENST00000584021.1	THY1
ENST00000584214.1	CENPV
ENST00000584779.1	ENSG00000265073
ENST00000585889.1	GIPR
ENST00000586912.1	CCNE1
ENST00000586920.1	RELCH
ENST00000587198.1	RELCH
ENST00000587519.4	ENSG00000267748
ENST00000587714.1	RELCH
ENST00000587725.5	RELCH
ENST00000587764.5	RELCH
ENST00000588446.1	RELCH
ENST00000588816.1	GIPR
ENST00000589116.2	CCBE1
ENST00000589419.2	CCBE1
ENST00000590713.1	RELCH
ENST00000590918.6	GIPR
ENST00000591224.1	GIPR
ENST00000591227.1	RELCH
ENST00000591322.1	GIPR
ENST00000591889.2	ENSG00000267748
ENST00000592479.5	RELCH
ENST00000593127.1	GIPR
ENST00000593217.1	RELCH
ENST00000593335.1	CCNP
ENST00000593337.5	IRF3
ENST00000593818.5	IRF3
ENST00000593922.5	IRF3
ENST00000594047.2	SYNM
ENST00000594387.1	IRF3
ENST00000594390.5	ZNF493
ENST00000594692.1	MCOLN1
ENST00000595034.5	IRF3
ENST00000595240.5	IRF3
ENST00000595452.1	TMEM38A
ENST00000595750.2	PRR19
ENST00000595860.5	MCOLN1
ENST00000596008.1	MCOLN1
ENST00000596053.5	ZNF714
ENST00000596132.5	SAXO5
ENST00000596302.5	ZNF493
ENST00000596354.6	NFIA-AS1
ENST00000596390.1	MCOLN1
ENST00000596404.1	NFIA-AS1
ENST00000596524.1	SAXO5
ENST00000596644.5	IRF3
ENST00000596756.5	IRF3
ENST00000596765.5	IRF3
ENST00000596788.1	IRF3
ENST00000596815.1	ZNF493
ENST00000596822.5	IRF3
ENST00000597180.1	IRF3
ENST00000597198.5	IRF3
ENST00000597207.1	SAXO5
ENST00000597369.1	IRF3
ENST00000597636.5	IRF3
ENST00000597983.1	HSH2D-AS1
ENST00000598108.5	IRF3
ENST00000598152.1	ZNF493
ENST00000598406.1	MCOLN1
ENST00000598490.1	PRR19
ENST00000598808.5	IRF3
ENST00000599144.5	IRF3
ENST00000599223.5	IRF3
ENST00000599263.6	CCNP
ENST00000599334.1	MCOLN1
ENST00000599461.1	ZNF493
ENST00000599479.1	TMEM38A
ENST00000599517.1	ZNF493
ENST00000599676.1	HSH2D-AS1
ENST00000599680.1	IRF3
ENST00000600007.1	SAXO3
ENST00000600022.5	IRF3
ENST00000600112.1	SAXO5
ENST00000600453.1	IRF3
ENST00000600535.1	ZNF714
ENST00000600911.5	IRF3
ENST00000601003.1	MCOLN1
ENST00000601176.1	SAXO5
ENST00000601291.5	IRF3
ENST00000601292.1	SAXO5
ENST00000601373.6	IRF3
ENST00000601809.5	IRF3
ENST00000602190.1	IRF3
ENST00000602227.1	MCOLN1
ENST00000602246.1	PNMA8A
ENST00000602854.6	ENSG00000233068
ENST00000603735.1	SLC22A31
ENST00000606119.2	MFF-DT
ENST00000608053.1	SLC25A16
ENST00000608785.2	LINC02362
ENST00000609923.6	SLC25A16
ENST00000610426.5	NSA2
ENST00000610683.5	LINC02362
ENST00000610902.4	ZNF714
ENST00000611381.4	ZFP90
ENST00000611949.1	ENSG00000263278
ENST00000612281.1	LHX1-DT
ENST00000612423.4	PLP1
ENST00000613286.4	ZNF714
ENST00000613993.2	ATG5
ENST00000614277.1	LHX1-DT
ENST00000614890.4	METTL26
ENST00000614943.4	SLC22A31
ENST00000615124.1	ENSG00000290368
ENST00000616101.5	TBC1D3D
ENST00000616183.1	ZNF714
ENST00000616281.1	EMX1
ENST00000616341.1	LHX1-DT
ENST00000616978.5	SLC9A7
ENST00000617323.4	LINC02362
ENST00000617804.1	ENSG00000274322
ENST00000617929.4	NFIA-AS1
ENST00000618008.4	ZNF714
ENST00000618156.5	PPP1R2
ENST00000618422.1	ZNF714
ENST00000618556.4	FRMD5
ENST00000618770.1	ENSG00000274322
ENST00000618878.1	LBX2
ENST00000619236.1	PLP1
ENST00000619257.4	PLP1
ENST00000619900.4	TMEM212
ENST00000620627.1	ZNF714
ENST00000621218.5	PLP1
ENST00000621428.1	LHX1-DT
ENST00000621650.2	ZNF8
ENST00000622506.4	GH2
ENST00000622604.4	PELATON
ENST00000623522.1	ZNF232-AS1
ENST00000623735.2	YWHAH-AS1
ENST00000623863.1	ENSG00000280113
ENST00000624067.1	ENSG00000279628
ENST00000624672.1	ENSG00000279628
ENST00000624689.3	MCC
ENST00000625113.1	ENSG00000284830
ENST00000625249.1	PNPT1
ENST00000625807.1	PPP1R2
ENST00000626805.2	NFIA-AS1
ENST00000630199.2	NFIA-AS1
ENST00000630693.2	GDI1
ENST00000630913.2	PICALM
ENST00000630993.1	NFIA-AS1
ENST00000631687.2	CENPV
ENST00000633942.1	PLIN4
ENST00000635081.1	ENSG00000291072
ENST00000635206.3	CCDC149
ENST00000635446.1	LINC02794
ENST00000635758.2	ATG5
ENST00000636096.3	ENSG00000283599
ENST00000636159.2	TLN2
ENST00000636335.1	ATG5
ENST00000636437.1	ATG5
ENST00000636797.3	ENSG00000283599
ENST00000636859.1	FRMD5
ENST00000637680.2	SAXO3
ENST00000637980.1	MIR670HG
ENST00000639456.2	ENSG00000291072
ENST00000639481.1	ENSG00000291072
ENST00000639594.1	ENSG00000291072
ENST00000639753.1	ENSG00000280113
ENST00000640476.1	ENSG00000291072
ENST00000640831.2	ENSG00000293430
ENST00000641245.1	ENSG00000293433
ENST00000641518.1	ENSG00000293433
ENST00000641789.2	YWHAH-AS1
ENST00000642412.2	A4GALT
ENST00000642874.1	KCNIP2
ENST00000642900.1	SRP72
ENST00000643525.1	GSR
ENST00000643653.1	GSR
ENST00000643990.1	EFNB2
ENST00000644646.2	RELCH
ENST00000644987.1	ENSG00000290455
ENST00000646025.1	ATG5
ENST00000646222.1	SRP72
ENST00000646441.1	EFNB2
ENST00000646537.1	SRP72
ENST00000646579.1	SRP72
ENST00000647432.1	SRP72
ENST00000647439.1	A4GALT
ENST00000647887.1	PNRC2
ENST00000648025.2	ENSG00000233068
ENST00000648238.2	ENSG00000285911
ENST00000648264.1	POLR2J4
ENST00000648897.1	VRK2
ENST00000649564.1	CCBE1
ENST00000650234.1	LINC00924
ENST00000650467.2	CCBE1
ENST00000650740.1	ENSG00000286118
ENST00000650783.1	ENSG00000203971
ENST00000651172.1	DSCAML1
ENST00000651296.2	DSCAML1
ENST00000651466.1	PELATON
ENST00000651720.1	ENSG00000251574
ENST00000651976.1	PELATON
ENST00000652147.3	ENSG00000228427
ENST00000652180.1	GIPR
ENST00000652670.1	ENSG00000250385
ENST00000653141.2	LINC00924
ENST00000653165.1	FEZF1-AS1
ENST00000653776.2	ENSG00000288060
ENST00000653846.2	ENSG00000251574
ENST00000654180.2	ENSG00000287215
ENST00000654264.1	YWHAH-AS1
ENST00000654335.1	ENSG00000261790
ENST00000654451.2	ENSG00000261790
ENST00000654925.1	SNHG10
ENST00000655106.2	LINC02165
ENST00000655842.1	LINC00924
ENST00000656130.2	ENSG00000259560
ENST00000656243.1	ENSG00000251574
ENST00000656332.1	PELATON
ENST00000656422.3	MYOSLID
ENST00000656540.1	MFF-DT
ENST00000656667.1	ENSG00000251574
ENST00000656707.1	MFF-DT
ENST00000656744.2	LINC02165
ENST00000656771.1	MFF-DT
ENST00000657158.1	MFF-DT
ENST00000657204.1	ENSG00000287964
ENST00000657873.1	MFF-DT
ENST00000658007.1	LINC02362
ENST00000658093.1	MFF-DT
ENST00000658248.1	ENSG00000250775
ENST00000658334.1	ENSG00000251574
ENST00000658538.1	LINC02880
ENST00000658573.1	SEPTIN7-DT
ENST00000658632.1	MFF-DT
ENST00000658717.2	PELATON
ENST00000658932.4	SNHG10
ENST00000659174.1	ENSG00000251574
ENST00000659751.1	ENSG00000251574
ENST00000659888.1	TNPO1-DT
ENST00000660068.1	ENSG00000251574
ENST00000660378.4	SNHG10
ENST00000660762.1	ENSG00000287215
ENST00000660803.1	MFF-DT
ENST00000661031.1	ENSG00000287691
ENST00000661290.2	ENSG00000251574
ENST00000661557.1	LINC02165
ENST00000661935.1	MYOSLID
ENST00000662009.1	MFF-DT
ENST00000662023.1	LINC02362
ENST00000662503.1	LINC02362
ENST00000662678.1	ENSG00000251574
ENST00000662691.1	TNPO1-DT
ENST00000663009.2	PELATON
ENST00000663212.1	SNHG10
ENST00000663216.1	LINC02362
ENST00000663232.1	EPB41L4A-AS1
ENST00000663583.1	PHACTR3-AS1
ENST00000663586.2	LINC02362
ENST00000663630.1	TNPO1-DT
ENST00000663697.2	ENSG00000287295
ENST00000663815.1	LINC00924
ENST00000664194.1	ENSG00000286936
ENST00000664326.1	LINC02165
ENST00000664514.4	ENSG00000228427
ENST00000664617.1	ENSG00000249945
ENST00000664845.1	LHX1-DT
ENST00000664853.1	MIR670HG
ENST00000664984.1	CRAT37
ENST00000665027.1	ENSG00000286764
ENST00000665074.1	ENSG00000229976
ENST00000665121.1	ENSG00000259560
ENST00000665165.1	MFF-DT
ENST00000665219.1	LINC02362
ENST00000665516.1	SEPTIN7-DT
ENST00000665572.2	LINC02828
ENST00000665679.4	ZNF232-AS1
ENST00000665963.1	ENSG00000251574
ENST00000665988.1	MFF-DT
ENST00000666261.1	LINC02362
ENST00000666316.1	LINC02165
ENST00000666394.1	LINC02362
ENST00000666421.1	MYOSLID
ENST00000666494.1	ENSG00000287389
ENST00000666787.1	ENSG00000253295
ENST00000666788.1	MFF-DT
ENST00000667007.1	ENSG00000287964
ENST00000667133.1	LINC02362
ENST00000667186.2	YWHAH-AS1
ENST00000667310.2	SNHG10
ENST00000667668.2	SNHG10
ENST00000668185.1	ENSG00000229976
ENST00000668439.1	LINC02828
ENST00000668687.1	ENSG00000286765
ENST00000668704.1	MFF-DT
ENST00000668717.1	PHACTR3-AS1
ENST00000669023.1	LHX1-DT
ENST00000669075.1	MFF-DT
ENST00000669636.1	ENSG00000251574
ENST00000669760.2	ENSG00000287215
ENST00000669785.2	ENSG00000251574
ENST00000670070.1	MFF-DT
ENST00000670119.1	LINC02362
ENST00000670426.1	SEPTIN7-DT
ENST00000670472.1	YWHAH-AS1
ENST00000670658.1	ENSG00000224099
ENST00000670674.1	LINC01498
ENST00000670891.1	LINC00924
ENST00000671157.3	SNHG10
ENST00000671186.1	LHX1-DT
ENST00000671304.1	ENSG00000251574
ENST00000671563.1	MFF-DT
ENST00000673909.1	REG3A
ENST00000676309.1	YWHAH-AS1
ENST00000677327.1	GGH
ENST00000677459.1	GGH
ENST00000677482.1	GGH
ENST00000677919.1	GGH
ENST00000678045.1	GGH
ENST00000678069.1	GGH
ENST00000679326.1	GGH
ENST00000679438.1	IFIT3
ENST00000679536.1	IFIT3
ENST00000679583.1	IFIT3
ENST00000679781.1	IFIT3
ENST00000679897.1	IFIT3
ENST00000679923.1	IFIT3
ENST00000680037.1	IFIT3
ENST00000680085.1	IFIT3
ENST00000680779.1	IFIT3
ENST00000681178.1	IFIT3
ENST00000681207.1	IFIT3
ENST00000681277.1	IFIT3
ENST00000681376.1	IFIT3
ENST00000682282.1	SLC22A31
ENST00000682469.2	USP38
ENST00000682486.1	USP38
ENST00000683013.1	DES
ENST00000683224.1	USP38
ENST00000684346.1	USP38
ENST00000684586.1	USP38
ENST00000684615.1	USP38
ENST00000685307.3	SNHG10
ENST00000685785.1	MEF2A
ENST00000686611.1	MEF2A
ENST00000686613.2	AZGP1P1
ENST00000687131.3	SEPTIN4-AS1
ENST00000687281.2	CRAT37
ENST00000687361.2	ENSG00000289114
ENST00000687380.1	SH3PXD2A
ENST00000687412.2	ENSG00000289220
ENST00000688090.1	ENSG00000254339
ENST00000688370.2	EPB41L4A-AS1
ENST00000688540.2	ENSG00000254339
ENST00000688569.2	ENSG00000254339
ENST00000690055.1	MEF2A
ENST00000690733.2	EPB41L4A-AS1
ENST00000691105.1	SH3PXD2A
ENST00000691395.1	PELATON
ENST00000691492.1	MEF2A
ENST00000692282.2	ENSG00000254339
ENST00000692392.1	PELATON
ENST00000692566.3	SEPTIN7-DT
ENST00000692647.1	ENSG00000288933
ENST00000692731.3	ENSG00000289552
ENST00000692756.1	SH3PXD2A
ENST00000693057.3	AZGP1P1
ENST00000693092.2	ENSG00000289442
ENST00000693635.2	MIR670HG
ENST00000695903.1	CCBE1
ENST00000695904.1	CCBE1
ENST00000696170.1	CYBB
ENST00000696171.1	CYBB
ENST00000696172.1	CYBB
ENST00000696173.1	CYBB
ENST00000696219.1	SPRR1A
ENST00000701226.2	ENSG00000247011
ENST00000701281.2	AZGP1P1
ENST00000701681.1	ENSG00000287389
ENST00000701937.1	ENSG00000291072
ENST00000702084.2	AZGP1P1
ENST00000702181.2	EPB41L4A-AS1
ENST00000702208.1	PELATON
ENST00000702263.2	ENSG00000288933
ENST00000702686.2	EPB41L4A-AS1
ENST00000702852.1	AZGP1P1
ENST00000702941.1	ENSG00000290092
ENST00000713711.1	CASQ2
ENST00000713712.1	CASQ2
ENST00000713713.1	CASQ2
ENST00000713727.1	CASQ2
ENST00000713728.1	CASQ2
ENST00000713729.1	CASQ2
ENST00000715307.1	ENSG00000291072
ENST00000715308.1	ENSG00000291072
ENST00000715309.1	ENSG00000291072
ENST00000715310.1	ENSG00000291072
ENST00000715311.1	ENSG00000291072
ENST00000715312.1	ENSG00000291072
ENST00000715313.1	ENSG00000291072
ENST00000715314.1	ENSG00000291072
ENST00000715315.1	ENSG00000291072
ENST00000715316.1	ENSG00000291072
ENST00000715317.1	ENSG00000291072
ENST00000715318.1	ENSG00000291072
ENST00000715319.1	ENSG00000291072
ENST00000715320.1	ENSG00000291072
ENST00000715321.1	ENSG00000291072
ENST00000715322.1	ENSG00000291072
ENST00000715323.1	ENSG00000291072
ENST00000715324.1	ENSG00000291072
ENST00000715325.1	ENSG00000291072
ENST00000715326.1	ENSG00000291072
ENST00000715327.1	ENSG00000291072
ENST00000715328.1	ENSG00000291072
ENST00000715329.1	ENSG00000291072
ENST00000715330.1	ENSG00000291072
ENST00000715331.1	ENSG00000291072
ENST00000715332.1	ENSG00000291072
ENST00000715333.1	ENSG00000291072
ENST00000715334.1	ENSG00000291072
ENST00000715436.1	POLR2J4
ENST00000715437.1	POLR2J4
ENST00000716842.1	ENSG00000293651
ENST00000716843.1	ENSG00000293651
ENST00000716897.1	ENSG00000290368
ENST00000716898.1	ENSG00000290368
ENST00000716899.1	ENSG00000290368
ENST00000717184.1	SEPTIN4-AS1
ENST00000718094.1	ENSG00000251574
ENST00000718095.1	ENSG00000251574
ENST00000718096.1	ENSG00000251574
ENST00000718352.1	PELATON
ENST00000718353.1	PELATON
ENST00000718354.1	PELATON
ENST00000718355.1	PELATON
ENST00000718496.1	MIR670HG
ENST00000718497.1	MIR670HG
ENST00000718498.1	MIR670HG
ENST00000719806.1	ENSG00000254409
ENST00000719807.1	ENSG00000254409
ENST00000719808.1	ENSG00000254409
ENST00000719809.1	ENSG00000254409
ENST00000719810.1	ENSG00000254409
ENST00000719811.1	ENSG00000254409
ENST00000719812.1	ENSG00000254409
ENST00000719813.1	ENSG00000254409
ENST00000719834.1	ENSG00000293908
ENST00000719835.1	ENSG00000293908
ENST00000719836.1	ENSG00000293908
ENST00000720220.1	ENSG00000293959
ENST00000720221.1	ENSG00000293959
ENST00000720222.1	ENSG00000293959
ENST00000720223.1	ENSG00000293959
ENST00000720224.1	ENSG00000293959
ENST00000720225.1	ENSG00000293959
ENST00000720226.1	ENSG00000293959
ENST00000720227.1	ENSG00000293959
ENST00000720228.1	ENSG00000293959
ENST00000720346.1	ENSG00000251574
ENST00000720347.1	ENSG00000251574
ENST00000720348.1	ENSG00000251574
ENST00000720349.1	ENSG00000251574
ENST00000720350.1	ENSG00000251574
ENST00000721139.1	ENSG00000294110
ENST00000721140.1	ENSG00000294110
ENST00000721141.1	ENSG00000294110
ENST00000722344.1	ENSG00000294275
ENST00000722345.1	ENSG00000294275
ENST00000722346.1	ENSG00000294275
ENST00000722471.1	ENSG00000294282
ENST00000722472.1	ENSG00000294282
ENST00000722473.1	ENSG00000294282
ENST00000724579.1	ENSG00000288933
ENST00000724580.1	ENSG00000288933
ENST00000724949.1	ENSG00000294649
ENST00000724950.1	ENSG00000294649
ENST00000724951.1	ENSG00000294649
ENST00000724952.1	ENSG00000294649
ENST00000724953.1	ENSG00000294649
ENST00000724954.1	ENSG00000294649
ENST00000724955.1	ENSG00000294649
ENST00000725150.1	ENSG00000294671
ENST00000725151.1	ENSG00000294671
ENST00000725152.1	ENSG00000294671
ENST00000725153.1	ENSG00000294671
ENST00000725210.1	ENSG00000294677
ENST00000725211.1	ENSG00000294677
ENST00000725212.1	ENSG00000294677
ENST00000725213.1	ENSG00000294677
ENST00000725214.1	ENSG00000294677
ENST00000726048.1	NFIA-AS1
ENST00000726870.1	ENSG00000255516
ENST00000726874.1	ENSG00000286764
ENST00000727186.1	ENSG00000294986
ENST00000727187.1	ENSG00000294986
ENST00000727188.1	ENSG00000294986
ENST00000727189.1	ENSG00000294986
ENST00000727190.1	ENSG00000294986
ENST00000727191.1	ENSG00000294986
ENST00000727192.1	ENSG00000294986
ENST00000727193.1	ENSG00000294986
ENST00000727194.1	ENSG00000294986
ENST00000727195.1	ENSG00000294986
ENST00000727196.1	ENSG00000294986
ENST00000727197.1	ENSG00000294986
ENST00000727198.1	ENSG00000294986
ENST00000727199.1	ENSG00000294986
ENST00000727200.1	ENSG00000294986
ENST00000729098.1	ENSG00000289442
ENST00000729402.1	ENSG00000289220
ENST00000729403.1	ENSG00000289220
ENST00000729404.1	ENSG00000289220
ENST00000729410.1	ENSG00000295347
ENST00000729411.1	ENSG00000295347
ENST00000729412.1	ENSG00000295347
ENST00000729413.1	ENSG00000295347
ENST00000729693.1	ENSG00000287295
ENST00000732087.1	ENSG00000288060
ENST00000732921.1	LINC01498
ENST00000732922.1	LINC01498
ENST00000732923.1	LINC01498
ENST00000732924.1	LINC01498
ENST00000733736.1	ENSG00000253295
ENST00000733737.1	ENSG00000253295
ENST00000733738.1	ENSG00000253295
ENST00000733739.1	ENSG00000253295
ENST00000733740.1	ENSG00000253295
ENST00000736161.1	ENSG00000296079
ENST00000736162.1	ENSG00000296079
ENST00000736163.1	ENSG00000296079
ENST00000736359.1	SEPTIN7-DT
ENST00000736360.1	SEPTIN7-DT
ENST00000736361.1	SEPTIN7-DT
ENST00000736362.1	SEPTIN7-DT
ENST00000736363.1	SEPTIN7-DT
ENST00000736364.1	SEPTIN7-DT
ENST00000736365.1	SEPTIN7-DT
ENST00000736366.1	SEPTIN7-DT
ENST00000736367.1	SEPTIN7-DT
ENST00000736368.1	SEPTIN7-DT
ENST00000736369.1	SEPTIN7-DT
ENST00000736370.1	SEPTIN7-DT
ENST00000736371.1	SEPTIN7-DT
ENST00000736372.1	SEPTIN7-DT
ENST00000736373.1	SEPTIN7-DT
ENST00000736374.1	SEPTIN7-DT
ENST00000736375.1	SEPTIN7-DT
ENST00000736376.1	SEPTIN7-DT
ENST00000736377.1	SEPTIN7-DT
ENST00000736378.1	SEPTIN7-DT
ENST00000736379.1	SEPTIN7-DT
ENST00000736380.1	SEPTIN7-DT
ENST00000736381.1	SEPTIN7-DT
ENST00000736382.1	SEPTIN7-DT
ENST00000736383.1	SEPTIN7-DT
ENST00000736384.1	SEPTIN7-DT
ENST00000736385.1	SEPTIN7-DT
ENST00000736386.1	SEPTIN7-DT
ENST00000736387.1	SEPTIN7-DT
ENST00000736541.1	ENSG00000230941
ENST00000736542.1	ENSG00000230941
ENST00000736543.1	ENSG00000230941
ENST00000736544.1	ENSG00000230941
ENST00000737448.1	POLR2J4
ENST00000737449.1	POLR2J4
ENST00000737450.1	POLR2J4
ENST00000737451.1	POLR2J4
ENST00000737452.1	POLR2J4
ENST00000737453.1	POLR2J4
ENST00000737454.1	POLR2J4
ENST00000737455.1	POLR2J4
ENST00000737456.1	POLR2J4
ENST00000737457.1	POLR2J4
ENST00000739550.1	ENSG00000296416
ENST00000739551.1	ENSG00000296416
ENST00000739552.1	ENSG00000296416
ENST00000739553.1	ENSG00000296416
ENST00000739554.1	ENSG00000296416
ENST00000739555.1	ENSG00000296416
ENST00000739614.1	ENSG00000293430
ENST00000739615.1	ENSG00000293430
ENST00000739616.1	ENSG00000293430
ENST00000739617.1	ENSG00000293430
ENST00000739618.1	ENSG00000293430
ENST00000739619.1	ENSG00000293430
ENST00000739620.1	ENSG00000293430
ENST00000739998.1	SEPTIN4-AS1
ENST00000739999.1	SEPTIN4-AS1
ENST00000740000.1	SEPTIN4-AS1
ENST00000740001.1	SEPTIN4-AS1
ENST00000740002.1	SEPTIN4-AS1
ENST00000740003.1	SEPTIN4-AS1
ENST00000740004.1	SEPTIN4-AS1
ENST00000740005.1	SEPTIN4-AS1
ENST00000740006.1	SEPTIN4-AS1
ENST00000740007.1	SEPTIN4-AS1
ENST00000740008.1	SEPTIN4-AS1
ENST00000740009.1	SEPTIN4-AS1
ENST00000740010.1	SEPTIN4-AS1
ENST00000740032.1	SEPTIN4-AS1
ENST00000740039.1	SEPTIN4-AS1
ENST00000740040.1	SEPTIN4-AS1
ENST00000740041.1	SEPTIN4-AS1
ENST00000740042.1	SEPTIN4-AS1
ENST00000740043.1	SEPTIN4-AS1
ENST00000740044.1	SEPTIN4-AS1
ENST00000740045.1	SEPTIN4-AS1
ENST00000740046.1	SEPTIN4-AS1
ENST00000740047.1	SEPTIN4-AS1
ENST00000740048.1	SEPTIN4-AS1
ENST00000740049.1	SEPTIN4-AS1
ENST00000740050.1	SEPTIN4-AS1
ENST00000740051.1	SEPTIN4-AS1
ENST00000740088.1	NCF1C
ENST00000740089.1	NCF1C
ENST00000740090.1	NCF1C
ENST00000740091.1	NCF1C
ENST00000740092.1	NCF1C
ENST00000740093.1	NCF1C
ENST00000740094.1	NCF1C
ENST00000740246.1	ENSG00000228427
ENST00000740247.1	ENSG00000228427
ENST00000740248.1	ENSG00000228427
ENST00000740249.1	ENSG00000228427
ENST00000740250.1	ENSG00000228427
ENST00000740251.1	ENSG00000228427
ENST00000740252.1	ENSG00000228427
ENST00000740253.1	ENSG00000228427
ENST00000740254.1	ENSG00000228427
ENST00000740320.1	ENSG00000296560
ENST00000740321.1	ENSG00000296560
ENST00000740322.1	ENSG00000296560
ENST00000740323.1	ENSG00000296560
ENST00000740324.1	ENSG00000296560
ENST00000740325.1	ENSG00000296560
ENST00000740326.1	ENSG00000296560
ENST00000740327.1	ENSG00000296560
ENST00000741054.1	ENSG00000296659
ENST00000741055.1	ENSG00000296659
ENST00000741056.1	ENSG00000296659
ENST00000741057.1	ENSG00000296659
ENST00000741058.1	ENSG00000296659
ENST00000744989.1	ENSG00000297050
ENST00000744990.1	ENSG00000297050
ENST00000746618.1	ENSG00000297257
ENST00000746619.1	ENSG00000297257
ENST00000747956.1	ENSG00000297448
ENST00000747957.1	ENSG00000297448
ENST00000747958.1	ENSG00000297448
ENST00000749093.1	ENSG00000297587
ENST00000749094.1	ENSG00000297587
ENST00000750617.1	ENSG00000229976
ENST00000750618.1	ENSG00000229976
ENST00000750619.1	ENSG00000229976
ENST00000751147.1	PRPF19-DT
ENST00000751148.1	PRPF19-DT
ENST00000752177.1	ENSG00000297963
ENST00000752178.1	ENSG00000297963
ENST00000752904.1	ENSG00000250775
ENST00000752905.1	ENSG00000250775
ENST00000754133.1	ENSG00000298255
ENST00000754134.1	ENSG00000298255
ENST00000754135.1	ENSG00000298255
ENST00000754477.1	LINC03137
ENST00000754478.1	ENSG00000289114
ENST00000754479.1	ENSG00000289114
ENST00000754525.1	ENSG00000298297
ENST00000754526.1	ENSG00000298297
ENST00000754527.1	ENSG00000298297
ENST00000754528.1	ENSG00000298297
ENST00000754529.1	ENSG00000298297
ENST00000754530.1	ENSG00000298297
ENST00000754615.1	ENSG00000298304
ENST00000754616.1	ENSG00000298304
ENST00000755194.1	ENSG00000298380
ENST00000755195.1	ENSG00000298380
ENST00000755196.1	ENSG00000298380
ENST00000755197.1	ENSG00000298380
ENST00000755198.1	ENSG00000298380
ENST00000755199.1	ENSG00000298380
ENST00000755200.1	ENSG00000298380
ENST00000757283.1	ENSG00000298685
ENST00000757284.1	ENSG00000298685
ENST00000757285.1	ENSG00000298685
ENST00000757286.1	ENSG00000298685
ENST00000757877.1	ENSG00000259370
ENST00000758487.1	MYOSLID
ENST00000758488.1	MYOSLID
ENST00000758489.1	MYOSLID
ENST00000758490.1	MYOSLID
ENST00000758491.1	MYOSLID
ENST00000758492.1	MYOSLID
ENST00000758493.1	MYOSLID
ENST00000758494.1	MYOSLID
ENST00000758495.1	MYOSLID
ENST00000758496.1	MYOSLID
ENST00000758497.1	MYOSLID
ENST00000758498.1	MYOSLID
ENST00000758499.1	MYOSLID
ENST00000758500.1	MYOSLID
ENST00000758501.1	MYOSLID
ENST00000758502.1	MYOSLID
ENST00000758503.1	MYOSLID
ENST00000758504.1	MYOSLID
ENST00000758505.1	MYOSLID
ENST00000758799.1	ENSG00000298899
ENST00000758800.1	ENSG00000298899
ENST00000760295.1	ENSG00000299069
ENST00000760296.1	ENSG00000299069
ENST00000760297.1	ENSG00000299069
ENST00000761250.1	CRAT37
ENST00000761251.1	CRAT37
ENST00000761252.1	CRAT37
ENST00000761253.1	CRAT37
ENST00000761254.1	CRAT37
ENST00000761255.1	CRAT37
ENST00000761256.1	CRAT37
ENST00000761257.1	CRAT37
ENST00000761258.1	CRAT37
ENST00000761259.1	CRAT37
ENST00000761260.1	CRAT37
ENST00000761261.1	CRAT37
ENST00000761262.1	CRAT37
ENST00000761263.1	CRAT37
ENST00000761288.1	ENSG00000299154
ENST00000761289.1	ENSG00000299154
ENST00000761290.1	ENSG00000299154
ENST00000761291.1	ENSG00000299154
ENST00000761292.1	ENSG00000299154
ENST00000761293.1	ENSG00000299154
ENST00000761295.1	ENSG00000299154
ENST00000761296.1	ENSG00000299154
ENST00000761297.1	ENSG00000299154
ENST00000761298.1	ENSG00000299154
ENST00000761306.1	ENSG00000299157
ENST00000761307.1	ENSG00000299157
ENST00000761308.1	ENSG00000299157
ENST00000762253.1	ENSG00000224099
ENST00000762622.1	ENSG00000299329
ENST00000762623.1	ENSG00000299329
ENST00000762624.1	ENSG00000299329
ENST00000762625.1	ENSG00000299329
ENST00000762626.1	ENSG00000299329
ENST00000762627.1	ENSG00000299329
ENST00000762628.1	ENSG00000299329
ENST00000762629.1	ENSG00000299329
ENST00000762630.1	ENSG00000299329
ENST00000762631.1	ENSG00000299329
ENST00000762633.1	ENSG00000299329
ENST00000762636.1	ENSG00000299329
ENST00000762637.1	ENSG00000299329
ENST00000766827.1	ENSG00000250838
ENST00000766828.1	ENSG00000250838
ENST00000766829.1	ENSG00000250838
ENST00000766830.1	ENSG00000250838
ENST00000766831.1	ENSG00000250838
ENST00000766832.1	ENSG00000250838
ENST00000766833.1	ENSG00000250838
ENST00000766834.1	ENSG00000250838
ENST00000766835.1	ENSG00000250838
ENST00000766836.1	ENSG00000250838
ENST00000766837.1	ENSG00000250838
ENST00000766838.1	ENSG00000250838
ENST00000766839.1	ENSG00000250838
ENST00000766840.1	ENSG00000250838
ENST00000766841.1	ENSG00000250838
ENST00000768378.1	LHX1-DT
ENST00000770490.1	ENSG00000300266
ENST00000770491.1	ENSG00000300266
ENST00000770492.1	ENSG00000300266
ENST00000770493.1	ENSG00000300266
ENST00000774768.1	ENSG00000300867
ENST00000774769.1	ENSG00000300867
ENST00000775379.1	ENSG00000286118
ENST00000775380.1	ENSG00000286118
ENST00000775381.1	ENSG00000286118
ENST00000776880.1	ENSG00000254339
ENST00000776881.1	ENSG00000254339
ENST00000776882.1	ENSG00000254339
ENST00000776883.1	ENSG00000254339
ENST00000776884.1	ENSG00000254339
ENST00000776885.1	ENSG00000254339
ENST00000776886.1	ENSG00000254339
ENST00000776887.1	ENSG00000254339
ENST00000776888.1	ENSG00000254339
ENST00000776889.1	ENSG00000254339
ENST00000776890.1	ENSG00000254339
ENST00000776891.1	ENSG00000254339
ENST00000776892.1	ENSG00000254339
ENST00000778561.1	ENSG00000301381
ENST00000778562.1	ENSG00000301381
ENST00000779575.1	ENSG00000301537
ENST00000779576.1	ENSG00000301537
ENST00000780356.1	ENSG00000233068
ENST00000780357.1	ENSG00000233068
ENST00000780358.1	ENSG00000233068
ENST00000780359.1	ENSG00000233068
ENST00000780360.1	ENSG00000233068
ENST00000780361.1	ENSG00000233068
ENST00000780362.1	ENSG00000233068
ENST00000780363.1	ENSG00000233068
ENST00000780364.1	ENSG00000233068
ENST00000781028.1	ENSG00000301705
ENST00000781029.1	ENSG00000301705
ENST00000783709.1	LINC02362
ENST00000785402.1	ENSG00000273132
ENST00000785486.1	ENSG00000259560
ENST00000785487.1	ENSG00000259560
ENST00000785488.1	ENSG00000259560
ENST00000785489.1	ENSG00000259560
ENST00000785490.1	ENSG00000259560
ENST00000785491.1	ENSG00000259560
ENST00000785492.1	ENSG00000259560
ENST00000785493.1	ENSG00000259560
ENST00000785494.1	ENSG00000259560
ENST00000785495.1	ENSG00000259560
ENST00000785496.1	ENSG00000259560
ENST00000785497.1	ENSG00000259560
ENST00000785498.1	ENSG00000259560
ENST00000785499.1	ENSG00000259560
ENST00000785500.1	ENSG00000259560
ENST00000785501.1	ENSG00000259560
ENST00000785502.1	ENSG00000259560
ENST00000785503.1	ENSG00000259560
ENST00000785504.1	ENSG00000259560
ENST00000785505.1	ENSG00000259560
ENST00000785506.1	ENSG00000259560
ENST00000785507.1	ENSG00000259560
ENST00000785508.1	ENSG00000259560
ENST00000785509.1	ENSG00000259560
ENST00000785510.1	ENSG00000259560
ENST00000785511.1	ENSG00000259560
ENST00000785512.1	ENSG00000259560
ENST00000785513.1	ENSG00000259560
ENST00000785514.1	ENSG00000259560
ENST00000785515.1	ENSG00000259560
ENST00000785516.1	ENSG00000259560
ENST00000785517.1	ENSG00000259560
ENST00000785518.1	ENSG00000259560
ENST00000785519.1	ENSG00000259560
ENST00000785520.1	ENSG00000259560
ENST00000785521.1	ENSG00000259560
ENST00000786522.1	POLR2J4
ENST00000786523.1	POLR2J4
ENST00000786524.1	POLR2J4
ENST00000786525.1	POLR2J4
ENST00000786526.1	POLR2J4
ENST00000786527.1	POLR2J4
ENST00000786528.1	POLR2J4
ENST00000786529.1	POLR2J4
ENST00000786530.1	POLR2J4
ENST00000786531.1	POLR2J4
ENST00000786532.1	POLR2J4
ENST00000786533.1	POLR2J4
ENST00000786534.1	POLR2J4
ENST00000786535.1	POLR2J4
ENST00000786536.1	POLR2J4
ENST00000786537.1	POLR2J4
ENST00000786538.1	POLR2J4
ENST00000786539.1	POLR2J4
ENST00000786540.1	POLR2J4
ENST00000786541.1	POLR2J4
ENST00000786542.1	POLR2J4
ENST00000786543.1	POLR2J4
ENST00000786544.1	POLR2J4
ENST00000786545.1	POLR2J4
ENST00000786546.1	POLR2J4
ENST00000786547.1	POLR2J4
ENST00000786548.1	POLR2J4
ENST00000786549.1	POLR2J4
ENST00000786550.1	POLR2J4
ENST00000786551.1	POLR2J4
ENST00000786552.1	POLR2J4
ENST00000786553.1	POLR2J4
ENST00000786554.1	POLR2J4
ENST00000786555.1	POLR2J4
ENST00000786556.1	POLR2J4
ENST00000786557.1	POLR2J4
ENST00000786558.1	POLR2J4
ENST00000786559.1	POLR2J4
ENST00000786560.1	POLR2J4
ENST00000786561.1	POLR2J4
ENST00000786562.1	POLR2J4
ENST00000786563.1	POLR2J4
ENST00000786564.1	POLR2J4
ENST00000786565.1	POLR2J4
ENST00000786566.1	POLR2J4
ENST00000786567.1	POLR2J4
ENST00000786568.1	POLR2J4
ENST00000786569.1	POLR2J4
ENST00000786570.1	POLR2J4
ENST00000786571.1	POLR2J4
ENST00000786572.1	POLR2J4
ENST00000786573.1	POLR2J4
ENST00000786574.1	POLR2J4
ENST00000786575.1	POLR2J4
ENST00000786576.1	POLR2J4
ENST00000786577.1	POLR2J4
ENST00000786578.1	POLR2J4
ENST00000786579.1	POLR2J4
ENST00000786580.1	POLR2J4
ENST00000786581.1	POLR2J4
ENST00000786582.1	POLR2J4
ENST00000786583.1	POLR2J4
ENST00000786584.1	POLR2J4
ENST00000786585.1	POLR2J4
ENST00000787787.1	ENSG00000302549
ENST00000787788.1	ENSG00000302549
ENST00000789541.1	LHX1-DT
ENST00000789542.1	LHX1-DT
ENST00000789543.1	LHX1-DT
ENST00000789544.1	LHX1-DT
ENST00000790346.1	ENSG00000302903
ENST00000790347.1	ENSG00000302903
ENST00000790348.1	ENSG00000302903
ENST00000793169.1	LINC02880
ENST00000793170.1	LINC02880
ENST00000793853.1	ENSG00000303358
ENST00000793854.1	ENSG00000303358
ENST00000793855.1	ENSG00000303358
ENST00000794051.1	ENSG00000303381
ENST00000794052.1	ENSG00000303381
ENST00000794053.1	ENSG00000303381
ENST00000794054.1	ENSG00000303381
ENST00000794055.1	ENSG00000303381
ENST00000794056.1	ENSG00000303381
ENST00000794057.1	ENSG00000303381
ENST00000794058.1	ENSG00000303381
ENST00000794059.1	ENSG00000303381
ENST00000795280.1	ENSG00000303527
ENST00000795281.1	ENSG00000303527
ENST00000795497.1	ENSG00000259370
ENST00000795498.1	ENSG00000259370
ENST00000796250.1	AZGP1P1
ENST00000796251.1	AZGP1P1
ENST00000796252.1	AZGP1P1
ENST00000800006.1	TNPO1-DT
ENST00000800007.1	TNPO1-DT
ENST00000800008.1	TNPO1-DT
ENST00000800009.1	TNPO1-DT
ENST00000800010.1	TNPO1-DT
ENST00000800011.1	TNPO1-DT
ENST00000800012.1	TNPO1-DT
ENST00000800013.1	TNPO1-DT
ENST00000800014.1	TNPO1-DT
ENST00000800015.1	TNPO1-DT
ENST00000800016.1	TNPO1-DT
ENST00000800017.1	TNPO1-DT
ENST00000800018.1	TNPO1-DT
ENST00000800019.1	TNPO1-DT
ENST00000802896.1	ENSG00000304363
ENST00000802897.1	ENSG00000304363
ENST00000802898.1	ENSG00000304363
ENST00000802899.1	ENSG00000304363
ENST00000802900.1	ENSG00000304363
ENST00000803876.1	ENSG00000304503
ENST00000803877.1	ENSG00000304503
ENST00000803878.1	ENSG00000304503
ENST00000803879.1	ENSG00000304503
ENST00000804129.1	ENSG00000304520
ENST00000804130.1	ENSG00000304520
ENST00000804728.1	ENSG00000304572
ENST00000804729.1	ENSG00000304572
ENST00000804730.1	ENSG00000304572
ENST00000804731.1	ENSG00000304572
ENST00000805778.1	ENSG00000251574
ENST00000806164.1	ENSG00000304771
ENST00000806165.1	ENSG00000304771
ENST00000807455.1	ENSG00000251574
ENST00000808005.1	ENSG00000286936
ENST00000808006.1	ENSG00000286936
ENST00000808007.1	ENSG00000286936
ENST00000808210.1	ENSG00000305055
ENST00000808211.1	ENSG00000305055
ENST00000808212.1	ENSG00000305055
ENST00000808213.1	ENSG00000305055
ENST00000808214.1	ENSG00000305055
ENST00000808215.1	ENSG00000305055
ENST00000808216.1	ENSG00000305055
ENST00000808802.1	ENSG00000305105
ENST00000808803.1	ENSG00000305105
ENST00000808804.1	ENSG00000305105
ENST00000809964.1	ENSG00000242775
ENST00000809966.1	ENSG00000242775
ENST00000809967.1	ENSG00000242775
ENST00000809969.1	ENSG00000242775
ENST00000809970.1	ENSG00000242775
ENST00000809972.1	ENSG00000242775
ENST00000809975.1	ENSG00000242775
ENST00000809976.1	ENSG00000242775
ENST00000809978.1	ENSG00000242775
ENST00000809981.1	ENSG00000242775
ENST00000809983.1	ENSG00000242775
ENST00000809985.1	ENSG00000242775
ENST00000810180.1	ENSG00000305300
ENST00000810181.1	ENSG00000305300
ENST00000810489.1	EPB41L4A-AS1
ENST00000810490.1	EPB41L4A-AS1
ENST00000810491.1	EPB41L4A-AS1
ENST00000811581.1	ENSG00000305534
ENST00000811582.1	ENSG00000305534
ENST00000811643.1	ENSG00000285911
ENST00000812524.1	ENSG00000305705
ENST00000812525.1	ENSG00000305705
ENST00000813114.1	ENSG00000287964
ENST00000813115.1	ENSG00000287964
ENST00000813116.1	ENSG00000287964
ENST00000813117.1	ENSG00000287964
ENST00000813118.1	ENSG00000287964
ENST00000813119.1	ENSG00000287964
ENST00000813120.1	ENSG00000287964
ENST00000814335.1	ENSG00000305957
ENST00000814336.1	ENSG00000305957
ENST00000814999.1	ENSG00000306059
ENST00000815000.1	ENSG00000306059
ENST00000815001.1	ENSG00000306059
ENST00000815002.1	ENSG00000306059
ENST00000815003.1	ENSG00000306059
ENST00000815004.1	ENSG00000306059
ENST00000815038.1	LMNB1-DT
ENST00000815039.1	LMNB1-DT
ENST00000815040.1	LMNB1-DT
ENST00000815041.1	LMNB1-DT
ENST00000815042.1	LMNB1-DT
ENST00000815261.1	ENSG00000290092
ENST00000815262.1	ENSG00000290092
ENST00000815263.1	ENSG00000290092
ENST00000816202.1	LHX1-DT
ENST00000816376.1	ENSG00000306227
ENST00000816377.1	ENSG00000306227
ENST00000818643.1	ENSG00000306461
ENST00000818644.1	ENSG00000306461
ENST00000818645.1	ENSG00000306461
ENST00000818646.1	ENSG00000306461
ENST00000818647.1	ENSG00000306461
ENST00000818648.1	ENSG00000306461
ENST00000818649.1	ENSG00000306461
ENST00000818650.1	ENSG00000306461
ENST00000818651.1	ENSG00000306461
ENST00000818652.1	ENSG00000306461
ENST00000818653.1	ENSG00000306461
ENST00000818654.1	ENSG00000306461
ENST00000818655.1	ENSG00000306461
ENST00000818656.1	ENSG00000306461
ENST00000818657.1	ENSG00000306461
ENST00000818658.1	ENSG00000306461
ENST00000818659.1	ENSG00000306461
ENST00000818660.1	ENSG00000306461
ENST00000818661.1	ENSG00000306461
ENST00000818662.1	ENSG00000306461
ENST00000818663.1	ENSG00000306461
ENST00000818664.1	ENSG00000306461
ENST00000818665.1	ENSG00000306461
ENST00000818666.1	ENSG00000306461
ENST00000818667.1	ENSG00000306461
ENST00000818668.1	ENSG00000306461
ENST00000818669.1	ENSG00000306461
ENST00000818670.1	ENSG00000306461
ENST00000818671.1	ENSG00000306461
ENST00000818672.1	ENSG00000306461
ENST00000818673.1	ENSG00000306461
ENST00000818674.1	ENSG00000306461
ENST00000818675.1	ENSG00000306461
ENST00000818676.1	ENSG00000306461
ENST00000818677.1	ENSG00000306461
ENST00000818678.1	ENSG00000306461
ENST00000818679.1	ENSG00000306461
ENST00000818680.1	ENSG00000306461
ENST00000818681.1	ENSG00000306461
ENST00000818682.1	ENSG00000306461
ENST00000818683.1	ENSG00000306461
ENST00000818684.1	ENSG00000306461
ENST00000818685.1	ENSG00000306461
ENST00000818686.1	ENSG00000306461
ENST00000818687.1	ENSG00000306461
ENST00000818688.1	ENSG00000306461
ENST00000818689.1	ENSG00000306461
ENST00000818690.1	ENSG00000306461
ENST00000818691.1	ENSG00000306461
ENST00000818692.1	ENSG00000306461
ENST00000818693.1	ENSG00000306461
ENST00000818694.1	ENSG00000306461
ENST00000818695.1	ENSG00000306461
ENST00000818696.1	ENSG00000306461
ENST00000818697.1	ENSG00000306461
ENST00000818698.1	ENSG00000306461
ENST00000818699.1	ENSG00000306461
ENST00000818700.1	ENSG00000306461
ENST00000818701.1	ENSG00000306461
ENST00000818702.1	ENSG00000306461
ENST00000818703.1	ENSG00000306461
ENST00000818704.1	ENSG00000306461
ENST00000818705.1	ENSG00000306461
ENST00000818706.1	ENSG00000306461
ENST00000818707.1	ENSG00000306461
ENST00000818708.1	ENSG00000306461
ENST00000818709.1	ENSG00000306461
ENST00000818710.1	ENSG00000306461
ENST00000818711.1	ENSG00000306461
ENST00000818712.1	ENSG00000306461
ENST00000818713.1	ENSG00000306461
ENST00000818714.1	ENSG00000306461
ENST00000818715.1	ENSG00000306461
ENST00000818716.1	ENSG00000306461
ENST00000818717.1	ENSG00000306461
ENST00000818718.1	ENSG00000306461
ENST00000818719.1	ENSG00000306461
ENST00000818720.1	ENSG00000306461
ENST00000818721.1	ENSG00000306461
ENST00000818722.1	ENSG00000306461
ENST00000818723.1	ENSG00000306461
ENST00000818724.1	ENSG00000306461
ENST00000818725.1	ENSG00000306461
ENST00000818726.1	ENSG00000306461
ENST00000818727.1	ENSG00000306461
ENST00000818728.1	ENSG00000306461
ENST00000818729.1	ENSG00000306461
ENST00000818730.1	ENSG00000306461
ENST00000819534.1	YWHAH-AS1
ENST00000819535.1	YWHAH-AS1
ENST00000819536.1	YWHAH-AS1
ENST00000820093.1	SNHG10
ENST00000820094.1	SNHG10
ENST00000820095.1	SNHG10
ENST00000820096.1	SNHG10
ENST00000820097.1	SNHG10
ENST00000820098.1	SNHG10
ENST00000820099.1	SNHG10
ENST00000820100.1	SNHG10
ENST00000820101.1	SNHG10
ENST00000820102.1	SNHG10
ENST00000820103.1	SNHG10
ENST00000820104.1	SNHG10
ENST00000820105.1	SNHG10
ENST00000820106.1	SNHG10
ENST00000820107.1	SNHG10
ENST00000820108.1	SNHG10
ENST00000820109.1	SNHG10
ENST00000820110.1	SNHG10
ENST00000820111.1	SNHG10
ENST00000820112.1	SNHG10
ENST00000820113.1	SNHG10
ENST00000820114.1	SNHG10
ENST00000820115.1	SNHG10
ENST00000820116.1	SNHG10
ENST00000824114.1	ENSG00000289552
ENST00000824115.1	ENSG00000289552
ENST00000824116.1	ENSG00000289552
ENST00000824967.1	LINC02828
ENST00000824968.1	LINC02828
ENST00000824969.1	LINC02828
ENST00000824970.1	LINC02828
ENST00000824971.1	LINC02828
ENST00000824972.1	LINC02828
ENST00000824973.1	LINC02828
ENST00000828045.1	ENSG00000286765
ENST00000828046.1	ENSG00000286765
ENST00000828259.1	ENSG00000307730
ENST00000828260.1	ENSG00000307730
ENST00000828261.1	ENSG00000307730
ENST00000828262.1	ENSG00000307730
ENST00000828263.1	ENSG00000307730
ENST00000828264.1	ENSG00000307730
ENST00000830751.1	ENSG00000308056
ENST00000830752.1	ENSG00000308056
ENST00000832128.1	ENSG00000308172
ENST00000832129.1	ENSG00000308172
ENST00000832754.1	USP30-AS1
ENST00000834703.1	ENSG00000308512
ENST00000834704.1	ENSG00000308512
ENST00000835145.1	ENSG00000308575
ENST00000835146.1	ENSG00000308575
ENST00000835147.1	ENSG00000308575
ENST00000835255.1	ENSG00000308594
ENST00000835256.1	ENSG00000308594
ENST00000835257.1	ENSG00000308594
ENST00000835416.1	ENSG00000251567
ENST00000835666.1	ENSG00000308675
ENST00000835667.1	ENSG00000308675
ENST00000835668.1	ENSG00000308675
ENST00000835669.1	ENSG00000308675
ENST00000838086.1	ENSG00000287691
ENST00000838087.1	ENSG00000287691
ENST00000838088.1	ENSG00000287691
ENST00000840535.1	LINC00924
ENST00000840536.1	LINC00924
ENST00000840537.1	LINC00924
ENST00000840538.1	LINC00924
ENST00000840539.1	LINC00924
ENST00000840540.1	LINC00924
ENST00000840541.1	LINC00924
ENST00000840542.1	LINC00924
ENST00000840543.1	LINC00924
ENST00000840544.1	LINC00924
ENST00000840545.1	LINC00924
ENST00000840546.1	LINC00924
ENST00000840547.1	LINC00924
ENST00000840548.1	LINC00924
ENST00000840549.1	LINC00924
ENST00000840550.1	LINC00924
ENST00000840551.1	LINC00924
ENST00000840552.1	LINC00924
ENST00000840553.1	LINC00924
ENST00000840554.1	LINC00924
ENST00000840555.1	LINC00924
ENST00000840556.1	LINC00924
ENST00000840557.1	LINC00924
ENST00000840558.1	LINC00924
ENST00000840559.1	LINC00924
ENST00000840560.1	LINC00924
ENST00000840561.1	LINC00924
ENST00000840562.1	LINC00924
ENST00000840563.1	LINC00924
ENST00000840564.1	LINC00924
ENST00000840565.1	LINC00924
ENST00000840566.1	LINC00924
ENST00000840567.1	LINC00924
ENST00000840568.1	LINC00924
ENST00000840569.1	LINC00924
ENST00000840570.1	LINC00924
ENST00000840571.1	LINC00924
ENST00000840572.1	LINC00924
ENST00000840573.1	LINC00924
ENST00000840574.1	LINC00924
ENST00000840575.1	LINC00924
ENST00000840576.1	LINC00924
ENST00000840577.1	LINC00924
ENST00000840578.1	LINC00924
ENST00000840579.1	LINC00924
ENST00000840580.1	LINC00924
ENST00000840581.1	LINC00924
ENST00000840582.1	LINC00924
ENST00000840583.1	LINC00924
ENST00000840584.1	LINC00924
ENST00000840585.1	LINC00924
ENST00000840586.1	LINC00924
ENST00000840587.1	LINC00924
ENST00000840588.1	LINC00924
ENST00000840589.1	LINC00924
ENST00000840590.1	LINC00924
ENST00000840591.1	LINC00924
ENST00000840592.1	LINC00924
ENST00000840593.1	LINC00924
ENST00000840594.1	LINC00924
ENST00000840595.1	LINC00924
ENST00000840596.1	LINC00924
ENST00000840597.1	LINC00924
ENST00000840598.1	LINC00924
ENST00000840599.1	LINC00924
ENST00000840600.1	LINC00924
ENST00000840601.1	LINC00924
ENST00000840602.1	LINC00924
ENST00000840603.1	LINC00924
ENST00000840893.1	ENSG00000309410
ENST00000840894.1	ENSG00000309410
ENST00000841375.1	ENSG00000259478
ENST00000841376.1	ENSG00000259478
ENST00000841377.1	ENSG00000259478
ENST00000841378.1	ENSG00000259478
ENST00000841510.1	ENSG00000287215
ENST00000841511.1	ENSG00000287215
ENST00000841512.1	ENSG00000287215
ENST00000841513.1	ENSG00000287215
ENST00000841514.1	ENSG00000287215
ENST00000841515.1	ENSG00000287215
ENST00000841516.1	ENSG00000287215
ENST00000841517.1	ENSG00000287215
ENST00000841518.1	ENSG00000287215
ENST00000841519.1	ENSG00000287215
ENST00000841520.1	ENSG00000287215
ENST00000841521.1	ENSG00000287215
ENST00000841522.1	ENSG00000287215
ENST00000841523.1	ENSG00000287215
ENST00000841524.1	ENSG00000287215
ENST00000841525.1	ENSG00000287215
ENST00000841526.1	ENSG00000287215
ENST00000841527.1	ENSG00000287215
ENST00000841528.1	ENSG00000287215
ENST00000841529.1	ENSG00000287215
ENST00000841530.1	ENSG00000287215
ENST00000841817.1	ENSG00000260328
ENST00000842025.1	ENSG00000309558
ENST00000842026.1	ENSG00000309558
ENST00000842027.1	ENSG00000309558
ENST00000842028.1	ENSG00000309558
ENST00000842029.1	ENSG00000309558
ENST00000842030.1	ENSG00000309558
ENST00000842031.1	ENSG00000309558
ENST00000842032.1	ENSG00000309558
ENST00000843117.1	ZNF232-AS1
ENST00000843118.1	ZNF232-AS1
ENST00000843119.1	ZNF232-AS1
ENST00000843120.1	ZNF232-AS1
ENST00000843121.1	ZNF232-AS1
ENST00000843122.1	ZNF232-AS1
ENST00000843123.1	ZNF232-AS1
ENST00000843124.1	ZNF232-AS1
ENST00000843125.1	ZNF232-AS1
ENST00000843126.1	ZNF232-AS1
ENST00000843127.1	ZNF232-AS1
ENST00000843128.1	ZNF232-AS1
ENST00000843129.1	ZNF232-AS1
ENST00000843130.1	ZNF232-AS1
ENST00000845001.1	ENSG00000251574
ENST00000845002.1	ENSG00000251574
ENST00000845003.1	ENSG00000251574
ENST00000845004.1	ENSG00000251574
ENST00000845005.1	ENSG00000251574
ENST00000845006.1	ENSG00000251574
ENST00000845007.1	ENSG00000251574
ENST00000845008.1	ENSG00000251574
ENST00000845009.1	ENSG00000251574
ENST00000845010.1	ENSG00000251574
ENST00000845011.1	ENSG00000251574
ENST00000845012.1	ENSG00000251574
ENST00000845013.1	ENSG00000251574
ENST00000846268.1	ENSG00000287389
ENST00000846269.1	ENSG00000287389
ENST00000846270.1	ENSG00000287389
ENST00000848419.1	ENSG00000310220
ENST00000848420.1	ENSG00000310220
ENST00000848421.1	ENSG00000310220
ENST00000848422.1	ENSG00000310220
ENST00000850382.1	ENSG00000310489
ENST00000850383.1	ENSG00000310489
ENST00000850384.1	ENSG00000310489
ENST00000850611.1	CASQ2
ENST00000850612.1	CASQ2
ENST00000851337.1	CYBB
ENST00000851998.1	SLC9A7
ENST00000852000.1	MCOLN1
ENST00000852001.1	MCOLN1
ENST00000852002.1	MCOLN1
ENST00000852003.1	MCOLN1
ENST00000852004.1	MCOLN1
ENST00000852005.1	MCOLN1
ENST00000852006.1	MCOLN1
ENST00000852448.1	GSKIP
ENST00000852449.1	GSKIP
ENST00000852450.1	GSKIP
ENST00000852451.1	GSKIP
ENST00000852452.1	GSKIP
ENST00000852453.1	GSKIP
ENST00000853267.1	CNGA3
ENST00000853268.1	CNGA3
ENST00000853269.1	CNGA3
ENST00000853594.1	KCNIP2
ENST00000853595.1	KCNIP2
ENST00000854645.1	NSA2
ENST00000854918.1	SPICE1
ENST00000854919.1	SPICE1
ENST00000854920.1	SPICE1
ENST00000854921.1	SPICE1
ENST00000854922.1	SPICE1
ENST00000854923.1	SPICE1
ENST00000854924.1	SPICE1
ENST00000854925.1	SPICE1
ENST00000854926.1	SPICE1
ENST00000854927.1	SPICE1
ENST00000855336.1	BCHE
ENST00000855337.1	BCHE
ENST00000855338.1	BCHE
ENST00000855339.1	BCHE
ENST00000855671.1	GLB1L2
ENST00000855672.1	GLB1L2
ENST00000855918.1	ATG5
ENST00000855919.1	ATG5
ENST00000855920.1	ATG5
ENST00000855921.1	ATG5
ENST00000855922.1	ATG5
ENST00000855968.1	CCNE1
ENST00000860245.1	IGDCC4
ENST00000861021.1	PPP1R2
ENST00000861022.1	PPP1R2
ENST00000861140.1	ASMTL
ENST00000861141.1	ASMTL
ENST00000861142.1	ASMTL
ENST00000861143.1	ASMTL
ENST00000861830.1	METTL26
ENST00000861831.1	METTL26
ENST00000861832.1	METTL26
ENST00000861833.1	METTL26
ENST00000861834.1	METTL26
ENST00000861835.1	METTL26
ENST00000861836.1	METTL26
ENST00000861837.1	METTL26
ENST00000861838.1	METTL26
ENST00000861839.1	METTL26
ENST00000865047.1	RRAGC
ENST00000865048.1	RRAGC
ENST00000865049.1	RRAGC
ENST00000865050.1	RRAGC
ENST00000865051.1	RRAGC
ENST00000865226.1	B4GAT1
ENST00000865313.1	ZNF710
ENST00000865314.1	ZNF710
ENST00000865540.1	APLN
ENST00000867132.1	PNPT1
ENST00000867134.1	PNPT1
ENST00000867135.1	PNPT1
ENST00000867136.1	PNPT1
ENST00000867137.1	PNPT1
ENST00000867138.1	PNPT1
ENST00000867697.1	PLP1
ENST00000867698.1	PLP1
ENST00000867699.1	PLP1
ENST00000867700.1	PLP1
ENST00000867701.1	PLP1
ENST00000867702.1	PLP1
ENST00000867703.1	PLP1
ENST00000867704.1	PLP1
ENST00000867705.1	PLP1
ENST00000867706.1	PLP1
ENST00000867707.1	PLP1
ENST00000867708.1	PLP1
ENST00000867709.1	PLP1
ENST00000867710.1	PLP1
ENST00000867711.1	PLP1
ENST00000867712.1	PLP1
ENST00000868257.1	A4GALT
ENST00000868258.1	A4GALT
ENST00000868259.1	A4GALT
ENST00000868260.1	A4GALT
ENST00000868261.1	A4GALT
ENST00000868262.1	A4GALT
ENST00000868263.1	A4GALT
ENST00000868264.1	A4GALT
ENST00000868265.1	A4GALT
ENST00000868266.1	A4GALT
ENST00000868267.1	A4GALT
ENST00000868268.1	A4GALT
ENST00000868269.1	A4GALT
ENST00000868270.1	A4GALT
ENST00000868271.1	A4GALT
ENST00000868272.1	A4GALT
ENST00000868273.1	A4GALT
ENST00000868274.1	A4GALT
ENST00000868275.1	A4GALT
ENST00000868276.1	A4GALT
ENST00000868277.1	A4GALT
ENST00000868278.1	A4GALT
ENST00000868279.1	A4GALT
ENST00000868280.1	A4GALT
ENST00000868281.1	A4GALT
ENST00000868989.1	DES
ENST00000868990.1	DES
ENST00000868991.1	DES
ENST00000868992.1	DES
ENST00000868993.1	DES
ENST00000868994.1	DES
ENST00000868995.1	DES
ENST00000868996.1	DES
ENST00000868997.1	DES
ENST00000868998.1	DES
ENST00000868999.1	DES
ENST00000869000.1	DES
ENST00000869001.1	DES
ENST00000869002.1	DES
ENST00000869750.1	HDAC2
ENST00000869751.1	HDAC2
ENST00000869752.1	HDAC2
ENST00000873370.1	SNX4
ENST00000873371.1	SNX4
ENST00000873372.1	SNX4
ENST00000873373.1	SNX4
ENST00000873374.1	SNX4
ENST00000873375.1	SNX4
ENST00000873376.1	SNX4
ENST00000873377.1	SNX4
ENST00000873378.1	SNX4
ENST00000873655.1	SLC25A16
ENST00000873656.1	SLC25A16
ENST00000873657.1	SLC25A16
ENST00000873667.1	FBXO3
ENST00000873903.1	THOC6
ENST00000873904.1	THOC6
ENST00000873905.1	THOC6
ENST00000873906.1	THOC6
ENST00000873907.1	THOC6
ENST00000874188.1	CASQ2
ENST00000874189.1	CASQ2
ENST00000875543.1	NPY1R
ENST00000875544.1	NPY1R
ENST00000875858.1	ING3
ENST00000875859.1	ING3
ENST00000878293.1	HAND1
ENST00000878628.1	ETFRF1
ENST00000878629.1	ETFRF1
ENST00000878630.1	ETFRF1
ENST00000878631.1	ETFRF1
ENST00000878632.1	ETFRF1
ENST00000878633.1	ETFRF1
ENST00000878634.1	ETFRF1
ENST00000878635.1	ETFRF1
ENST00000878636.1	ETFRF1
ENST00000878637.1	ETFRF1
ENST00000878638.1	ETFRF1
ENST00000878639.1	ETFRF1
ENST00000881137.1	TMEM183A
ENST00000881138.1	TMEM183A
ENST00000881139.1	TMEM183A
ENST00000881140.1	TMEM183A
ENST00000881141.1	TMEM183A
ENST00000881142.1	TMEM183A
ENST00000881143.1	TMEM183A
ENST00000881144.1	TMEM183A
ENST00000881145.1	TMEM183A
ENST00000881146.1	TMEM183A
ENST00000881612.1	TM7SF2
ENST00000881613.1	TM7SF2
ENST00000881614.1	TM7SF2
ENST00000881620.1	TM7SF2
ENST00000881621.1	TM7SF2
ENST00000881622.1	TM7SF2
ENST00000881623.1	TM7SF2
ENST00000882421.1	GC
ENST00000882422.1	GC
ENST00000882423.1	GC
ENST00000882424.1	GC
ENST00000882425.1	GC
ENST00000882426.1	GC
ENST00000882427.1	GC
ENST00000882428.1	GC
ENST00000882429.1	GC
ENST00000882430.1	GC
ENST00000882431.1	GC
ENST00000882432.1	GC
ENST00000882911.1	RELCH
ENST00000882912.1	RELCH
ENST00000882913.1	RELCH
ENST00000882914.1	RELCH
ENST00000882915.1	RELCH
ENST00000884323.1	HIGD1A
ENST00000884324.1	HIGD1A
ENST00000884325.1	HIGD1A
ENST00000884326.1	HIGD1A
ENST00000884327.1	HIGD1A
ENST00000884328.1	HIGD1A
ENST00000884329.1	HIGD1A
ENST00000884330.1	HIGD1A
ENST00000884331.1	HIGD1A
ENST00000884332.1	HIGD1A
ENST00000884333.1	HIGD1A
ENST00000884334.1	HIGD1A
ENST00000884335.1	HIGD1A
ENST00000884336.1	HIGD1A
ENST00000884337.1	HIGD1A
ENST00000884480.1	RAP1GDS1
ENST00000884481.1	RAP1GDS1
ENST00000884482.1	RAP1GDS1
ENST00000884483.1	RAP1GDS1
ENST00000884484.1	RAP1GDS1
ENST00000884485.1	RAP1GDS1
ENST00000884486.1	RAP1GDS1
ENST00000884487.1	RAP1GDS1
ENST00000884488.1	RAP1GDS1
ENST00000884489.1	RAP1GDS1
ENST00000884490.1	RAP1GDS1
ENST00000884491.1	RAP1GDS1
ENST00000884492.1	RAP1GDS1
ENST00000884493.1	RAP1GDS1
ENST00000884494.1	RAP1GDS1
ENST00000884495.1	RAP1GDS1
ENST00000884496.1	RAP1GDS1
ENST00000884497.1	RAP1GDS1
ENST00000886247.1	TMEM38A
ENST00000886248.1	TMEM38A
ENST00000886872.1	TBC1D3D
ENST00000888401.1	FAXDC2
ENST00000888402.1	FAXDC2
ENST00000888403.1	FAXDC2
ENST00000888404.1	FAXDC2
ENST00000888405.1	FAXDC2
ENST00000889124.1	MEF2A
ENST00000889125.1	MEF2A
ENST00000889126.1	MEF2A
ENST00000889127.1	MEF2A
ENST00000889128.1	MEF2A
ENST00000889129.1	MEF2A
ENST00000889130.1	MEF2A
ENST00000889131.1	MEF2A
ENST00000889132.1	MEF2A
ENST00000889133.1	MEF2A
ENST00000889134.1	MEF2A
ENST00000889135.1	MEF2A
ENST00000889136.1	MEF2A
ENST00000889137.1	MEF2A
ENST00000889138.1	MEF2A
ENST00000889139.1	MEF2A
ENST00000889140.1	MEF2A
ENST00000889141.1	MEF2A
ENST00000889142.1	MEF2A
ENST00000889143.1	MEF2A
ENST00000889144.1	MEF2A
ENST00000889145.1	MEF2A
ENST00000889146.1	MEF2A
ENST00000889147.1	MEF2A
ENST00000889148.1	MEF2A
ENST00000889149.1	MEF2A
ENST00000889150.1	MEF2A
ENST00000889151.1	MEF2A
ENST00000889152.1	MEF2A
ENST00000889153.1	MEF2A
ENST00000889154.1	MEF2A
ENST00000889155.1	MEF2A
ENST00000889156.1	MEF2A
ENST00000889157.1	MEF2A
ENST00000889158.1	MEF2A
ENST00000889159.1	MEF2A
ENST00000889160.1	MEF2A
ENST00000889161.1	MEF2A
ENST00000889162.1	MEF2A
ENST00000889163.1	MEF2A
ENST00000889439.1	ITGA10
ENST00000889440.1	ITGA10
ENST00000889441.1	ITGA10
ENST00000890277.1	PRMT8
ENST00000890386.1	PICALM
ENST00000890387.1	PICALM
ENST00000890388.1	PICALM
ENST00000890389.1	PICALM
ENST00000890390.1	PICALM
ENST00000890391.1	PICALM
ENST00000890392.1	PICALM
ENST00000890393.1	PICALM
ENST00000890394.1	PICALM
ENST00000890395.1	PICALM
ENST00000890396.1	PICALM
ENST00000890397.1	PICALM
ENST00000890398.1	PICALM
ENST00000890399.1	PICALM
ENST00000890400.1	PICALM
ENST00000890401.1	PICALM
ENST00000890402.1	PICALM
ENST00000890403.1	PICALM
ENST00000890404.1	PICALM
ENST00000890405.1	PICALM
ENST00000890406.1	PICALM
ENST00000890407.1	PICALM
ENST00000890408.1	PICALM
ENST00000890409.1	PICALM
ENST00000890410.1	PICALM
ENST00000890411.1	PICALM
ENST00000890412.1	PICALM
ENST00000890413.1	PICALM
ENST00000890747.1	IRF3
ENST00000890748.1	IRF3
ENST00000890749.1	IRF3
ENST00000890750.1	IRF3
ENST00000890751.1	IRF3
ENST00000890887.1	PNMA8A
ENST00000890888.1	PNMA8A
ENST00000891649.1	SRPRA
ENST00000891650.1	SRPRA
ENST00000892247.1	EXOC1
ENST00000892248.1	EXOC1
ENST00000892249.1	EXOC1
ENST00000892250.1	EXOC1
ENST00000892251.1	EXOC1
ENST00000892252.1	EXOC1
ENST00000892253.1	EXOC1
ENST00000892254.1	EXOC1
ENST00000892255.1	EXOC1
ENST00000892256.1	EXOC1
ENST00000892257.1	EXOC1
ENST00000894985.1	PRR19
ENST00000894986.1	PRR19
ENST00000895916.1	TLN2
ENST00000895917.1	TLN2
ENST00000896917.1	GSR
ENST00000896918.1	GSR
ENST00000897773.1	FOXJ2
ENST00000899633.1	GGH
ENST00000899634.1	GGH
ENST00000899635.1	GGH
ENST00000899636.1	GGH
ENST00000899637.1	GGH
ENST00000900758.1	THY1
ENST00000900759.1	THY1
ENST00000900760.1	THY1
ENST00000900761.1	THY1
ENST00000900762.1	THY1
ENST00000901550.1	PLIN4
ENST00000901551.1	PLIN4
ENST00000903489.1	SAR1B
ENST00000903490.1	SAR1B
ENST00000903491.1	SAR1B
ENST00000903492.1	SAR1B
ENST00000903493.1	SAR1B
ENST00000903494.1	SAR1B
ENST00000903495.1	SAR1B
ENST00000903496.1	SAR1B
ENST00000903497.1	SAR1B
ENST00000903498.1	SAR1B
ENST00000903499.1	SAR1B
ENST00000903500.1	SAR1B
ENST00000903588.1	PTCHD1
ENST00000904192.1	PNRC2
ENST00000904193.1	PNRC2
ENST00000904194.1	PNRC2
ENST00000904346.1	ZNF714
ENST00000904347.1	ZNF714
ENST00000904348.1	ZNF714
ENST00000904724.1	CCDC149
ENST00000904725.1	CCDC149
ENST00000904726.1	CCDC149
ENST00000904727.1	CCDC149
ENST00000905060.1	CLDN10
ENST00000905223.1	GDI1
ENST00000905224.1	GDI1
ENST00000905225.1	GDI1
ENST00000905226.1	GDI1
ENST00000905715.1	TMEM212
ENST00000907407.1	HIPK2
ENST00000907899.1	PRIMA1
ENST00000907900.1	PRIMA1
ENST00000907992.1	FAM114A2
ENST00000907993.1	FAM114A2
ENST00000907994.1	FAM114A2
ENST00000907995.1	FAM114A2
ENST00000907996.1	FAM114A2
ENST00000907997.1	FAM114A2
ENST00000908179.1	UBP1
ENST00000909268.1	VRK2
ENST00000909269.1	VRK2
ENST00000909270.1	VRK2
ENST00000909271.1	VRK2
ENST00000909272.1	VRK2
ENST00000909273.1	VRK2
ENST00000909274.1	VRK2
ENST00000909275.1	VRK2
ENST00000909276.1	VRK2
ENST00000909277.1	VRK2
ENST00000910452.1	DNAJC24
ENST00000910453.1	DNAJC24
ENST00000910617.1	PMP2
ENST00000912545.1	PNRC2
ENST00000912546.1	PNRC2
ENST00000912547.1	PNRC2
ENST00000912548.1	PNRC2
ENST00000912549.1	PNRC2
ENST00000912607.1	TMEM183A
ENST00000912608.1	TMEM183A
ENST00000912609.1	TMEM183A
ENST00000912638.1	A4GALT
ENST00000914099.1	CCDC149
ENST00000914383.1	ZNF8
ENST00000915151.1	CCBE1
ENST00000915224.1	GSKIP
ENST00000915225.1	GSKIP
ENST00000915226.1	GSKIP
ENST00000915227.1	GSKIP
ENST00000915228.1	GSKIP
ENST00000915279.1	THOC6
ENST00000915280.1	THOC6
ENST00000915281.1	THOC6
ENST00000915282.1	THOC6
ENST00000915842.1	MCOLN1
ENST00000915843.1	MCOLN1
ENST00000915844.1	MCOLN1
ENST00000916217.1	VRK2
ENST00000916218.1	VRK2
ENST00000916219.1	VRK2
ENST00000916220.1	VRK2
ENST00000916221.1	VRK2
ENST00000916222.1	VRK2
ENST00000916224.1	NPY1R
ENST00000916225.1	NPY1R
ENST00000916226.1	NPY1R
ENST00000916535.1	PRR19
ENST00000916536.1	PRR19
ENST00000916537.1	PRR19
ENST00000916640.1	GSR
ENST00000916845.1	HDAC2
ENST00000916846.1	HDAC2
ENST00000916847.1	HDAC2
ENST00000916848.1	HDAC2
ENST00000916849.1	HDAC2
ENST00000916850.1	HDAC2
ENST00000916851.1	HDAC2
ENST00000917022.1	PNPT1
ENST00000917023.1	PNPT1
ENST00000917024.1	PNPT1
ENST00000917025.1	PNPT1
ENST00000917026.1	PNPT1
ENST00000917027.1	PNPT1
ENST00000917617.1	ANGEL2
ENST00000917618.1	ANGEL2
ENST00000917619.1	ANGEL2
ENST00000918171.1	NFKBIB
ENST00000918468.1	THY1
ENST00000918469.1	THY1
ENST00000918470.1	THY1
ENST00000918471.1	THY1
ENST00000918472.1	THY1
ENST00000918473.1	THY1
ENST00000918474.1	THY1
ENST00000918475.1	THY1
ENST00000919602.1	FOXJ2
ENST00000919603.1	FOXJ2
ENST00000919754.1	USP38
ENST00000920048.1	PLP1
ENST00000920049.1	PLP1
ENST00000921360.1	IRF3
ENST00000921361.1	IRF3
ENST00000921362.1	IRF3
ENST00000921903.1	NSA2
ENST00000921917.1	CCNP
ENST00000921918.1	CCNP
ENST00000923595.1	EXOC1
ENST00000924031.1	METTL26
ENST00000924032.1	METTL26
ENST00000924033.1	METTL26
ENST00000925431.1	SRP72
ENST00000925432.1	SRP72
ENST00000926885.1	TMEM38A
ENST00000927112.1	PRMT8
ENST00000927113.1	PRMT8
ENST00000928025.1	CENPV
ENST00000928168.1	RRAGC
ENST00000928332.1	MEF2A
ENST00000928333.1	MEF2A
ENST00000928334.1	MEF2A
ENST00000928335.1	MEF2A
ENST00000928354.1	DMBX1
ENST00000928355.1	DMBX1
ENST00000929441.1	SPIRE2
ENST00000929442.1	SPIRE2
ENST00000929658.1	GDI1
ENST00000929659.1	GDI1
ENST00000929660.1	GDI1
ENST00000930826.1	SPICE1
ENST00000930827.1	SPICE1
ENST00000930828.1	SPICE1
ENST00000930829.1	SPICE1
ENST00000931179.1	ZNF714
ENST00000932033.1	SPNS2
ENST00000932075.1	RAP1GDS1
ENST00000932076.1	RAP1GDS1
ENST00000932077.1	RAP1GDS1
ENST00000932078.1	RAP1GDS1
ENST00000932079.1	RAP1GDS1
ENST00000932080.1	RAP1GDS1
ENST00000932081.1	RAP1GDS1
ENST00000932450.1	ZNF710
ENST00000932451.1	ZNF710
ENST00000932452.1	ZNF710
ENST00000932453.1	ZNF710
ENST00000933899.1	TLN2
ENST00000934219.1	TM7SF2
ENST00000935091.1	ADAMTS20
ENST00000935327.1	PDE7A
ENST00000935328.1	PDE7A
ENST00000935329.1	PDE7A
ENST00000935330.1	PDE7A
ENST00000935331.1	PDE7A
ENST00000937503.1	CCNE1
ENST00000937504.1	CCNE1
ENST00000937505.1	CCNE1
ENST00000937506.1	CCNE1
ENST00000937507.1	CCNE1
ENST00000937508.1	CCNE1
ENST00000937548.1	FAM114A2
ENST00000937549.1	FAM114A2
ENST00000938211.1	ETFRF1
ENST00000939176.1	ATG5
ENST00000939177.1	ATG5
ENST00000939178.1	ATG5
ENST00000939326.1	RELCH
ENST00000939327.1	RELCH
ENST00000939328.1	RELCH
ENST00000939329.1	RELCH
ENST00000939772.1	HIGD1A
ENST00000940599.1	ASMTL
ENST00000940600.1	ASMTL
ENST00000940601.1	ASMTL
ENST00000940602.1	ASMTL
ENST00000940603.1	ASMTL
ENST00000940604.1	ASMTL
ENST00000941117.1	GC
ENST00000941118.1	GC
ENST00000942552.1	IRF3
ENST00000942553.1	IRF3
ENST00000942891.1	DES
ENST00000942892.1	DES
ENST00000942893.1	DES
ENST00000942894.1	DES
ENST00000942895.1	DES
ENST00000942896.1	DES
ENST00000942897.1	DES
ENST00000942898.1	DES
ENST00000942899.1	DES
ENST00000942900.1	DES
ENST00000942901.1	DES
ENST00000942902.1	DES
ENST00000942903.1	DES
ENST00000942904.1	DES
ENST00000942905.1	DES
ENST00000942906.1	DES
ENST00000942969.1	SRPRA
ENST00000945404.1	SNX4
ENST00000945405.1	SNX4
ENST00000945406.1	SNX4
ENST00000945538.1	RAP1GDS1
ENST00000945539.1	RAP1GDS1
ENST00000945540.1	RAP1GDS1
ENST00000945541.1	RAP1GDS1
ENST00000945542.1	RAP1GDS1
ENST00000945543.1	RAP1GDS1
ENST00000945544.1	RAP1GDS1
ENST00000945546.1	RAP1GDS1
ENST00000945547.1	RAP1GDS1
ENST00000945548.1	RAP1GDS1
ENST00000945549.1	RAP1GDS1
ENST00000945923.1	KCNIP2
ENST00000945924.1	KCNIP2
ENST00000945925.1	KCNIP2
ENST00000945926.1	KCNIP2
ENST00000945927.1	KCNIP2
ENST00000945928.1	KCNIP2
ENST00000945929.1	KCNIP2
ENST00000945930.1	KCNIP2
ENST00000945931.1	KCNIP2
ENST00000945932.1	KCNIP2
ENST00000945933.1	KCNIP2
ENST00000945934.1	KCNIP2
ENST00000945935.1	KCNIP2
ENST00000945936.1	KCNIP2
ENST00000945937.1	KCNIP2
ENST00000945938.1	KCNIP2
ENST00000945939.1	KCNIP2
ENST00000945940.1	KCNIP2
ENST00000946804.1	FAM114A2
ENST00000946805.1	FAM114A2
ENST00000946806.1	FAM114A2
ENST00000946807.1	FAM114A2
ENST00000946808.1	FAM114A2
ENST00000946809.1	FAM114A2
ENST00000946810.1	FAM114A2
ENST00000946811.1	FAM114A2
ENST00000946812.1	FAM114A2
ENST00000946917.1	GSR
ENST00000946918.1	GSR
ENST00000946919.1	GSR
ENST00000946975.1	MEF2A
ENST00000946976.1	MEF2A
ENST00000946977.1	MEF2A
ENST00000946978.1	MEF2A
ENST00000946979.1	MEF2A
ENST00000946980.1	MEF2A
ENST00000946981.1	MEF2A
ENST00000946982.1	MEF2A
ENST00000946983.1	MEF2A
ENST00000946984.1	MEF2A
ENST00000946985.1	MEF2A
ENST00000946986.1	MEF2A
ENST00000946987.1	MEF2A
ENST00000946988.1	MEF2A
ENST00000946989.1	MEF2A
ENST00000946990.1	MEF2A
ENST00000946991.1	MEF2A
ENST00000946992.1	MEF2A
ENST00000946993.1	MEF2A
ENST00000946994.1	MEF2A
ENST00000946995.1	MEF2A
ENST00000946996.1	MEF2A
ENST00000946997.1	MEF2A
ENST00000946998.1	MEF2A
ENST00000946999.1	MEF2A
ENST00000947000.1	MEF2A
ENST00000947001.1	MEF2A
ENST00000947002.1	MEF2A
ENST00000947003.1	MEF2A
ENST00000947004.1	MEF2A
ENST00000947005.1	MEF2A
ENST00000947006.1	MEF2A
ENST00000947007.1	MEF2A
ENST00000947008.1	MEF2A
ENST00000947009.1	MEF2A
ENST00000947010.1	MEF2A
ENST00000947011.1	MEF2A
ENST00000947012.1	MEF2A
ENST00000947013.1	MEF2A
ENST00000947014.1	MEF2A
ENST00000947015.1	MEF2A
ENST00000947016.1	MEF2A
ENST00000947017.1	MEF2A
ENST00000947018.1	MEF2A
ENST00000947019.1	MEF2A
ENST00000947020.1	MEF2A
ENST00000947021.1	MEF2A
ENST00000947022.1	MEF2A
ENST00000947023.1	MEF2A
ENST00000947024.1	MEF2A
ENST00000947025.1	MEF2A
ENST00000947026.1	MEF2A
ENST00000947027.1	MEF2A
ENST00000947402.1	SPNS2
ENST00000947403.1	SPNS2
ENST00000948624.1	NFKBIB
ENST00000948925.1	MCOLN1
ENST00000949800.1	PNPT1
ENST00000949801.1	PNPT1
ENST00000949802.1	PNPT1
ENST00000949803.1	PNPT1
ENST00000949804.1	PNPT1
ENST00000950564.1	SAR1B
ENST00000950565.1	SAR1B
ENST00000950566.1	SAR1B
ENST00000950567.1	SAR1B
ENST00000950568.1	SAR1B
ENST00000950569.1	SAR1B
ENST00000950689.1	RELCH
ENST00000950690.1	RELCH
ENST00000951122.1	ZNF710
ENST00000951123.1	ZNF710
ENST00000951414.1	CCDC149
ENST00000951435.1	PLP1
ENST00000952494.1	HDAC2
ENST00000953333.1	GIPR
ENST00000953334.1	GIPR
ENST00000953335.1	GIPR
ENST00000953901.1	TMEM38A
ENST00000954166.1	KCNK13
ENST00000955444.1	EFNB2
ENST00000956155.1	HLA-C
ENST00000956156.1	HLA-C
ENST00000956364.1	THY1
ENST00000956705.1	METTL26
ENST00000956706.1	METTL26
ENST00000956726.1	REG1B
ENST00000957024.1	ZNF398
ENST00000958020.1	USP38
ENST00000958077.1	ATG5
ENST00000958078.1	ATG5
ENST00000958164.1	DUOXA2
ENST00000958856.1	FBXO3
ENST00000958922.1	PICALM
ENST00000958923.1	PICALM
ENST00000959423.1	IL1A
ENST00000959693.1	A4GALT
ENST00000959694.1	A4GALT
ENST00000959695.1	A4GALT
ENST00000959696.1	A4GALT
ENST00000959697.1	A4GALT
ENST00000959698.1	A4GALT
ENST00000959699.1	A4GALT
ENST00000959700.1	A4GALT
ENST00000959701.1	A4GALT
ENST00000959702.1	A4GALT
ENST00000959703.1	A4GALT
ENST00000959704.1	A4GALT
ENST00000959705.1	A4GALT
ENST00000959706.1	A4GALT
ENST00000959707.1	A4GALT
ENST00000959708.1	A4GALT
ENST00000959709.1	A4GALT
ENST00000959710.1	A4GALT
ENST00000959711.1	A4GALT
ENST00000959712.1	A4GALT
ENST00000959713.1	A4GALT
ENST00000959714.1	A4GALT
ENST00000961838.1	IGDCC4
ENST00000961839.1	IGDCC4
ENST00000962790.1	FAXDC2
ENST00000963418.1	GDI1
ENST00000963419.1	GDI1
ENST00000963428.1	PTGER4
ENST00000963776.1	FOXJ2
ENST00000963777.1	FOXJ2
ENST00000963778.1	FOXJ2
ENST00000963786.1	HIGD1A
ENST00000963787.1	HIGD1A
ENST00000964337.1	PIRT
ENST00000964496.1	TLN2
ENST00000964497.1	TLN2
ENST00000964498.1	TLN2
ENST00000964499.1	TLN2
ENST00000964660.1	UBP1
ENST00000964661.1	UBP1
ENST00000965091.1	TMEM183A
ENST00000965092.1	TMEM183A
ENST00000965093.1	TMEM183A
ENST00000965598.1	ITGA10
ENST00000966619.1	PLIN4
ENST00000966620.1	PLIN4
ENST00000966621.1	PLIN4
ENST00000966622.1	PLIN4
ENST00000966623.1	PLIN4
ENST00000966624.1	PLIN4
ENST00000966625.1	PLIN4
ENST00000966724.1	SLC25A16
ENST00000966725.1	SLC25A16
ENST00000966726.1	SLC25A16
ENST00000967039.1	ASMTL
ENST00000967040.1	ASMTL
ENST00000967041.1	ASMTL
ENST00000967321.1	SPIRE2
ENST00000967322.1	SPIRE2
ENST00000967814.1	GSKIP
ENST00000967817.1	GSKIP
ENST00000967840.1	NPY1R
ENST00000967841.1	NPY1R
ENST00000967897.1	EMX1
ENST00000968102.1	REG1A
ENST00000968193.1	ZNF714
ENST00000968194.1	ZNF714
ENST00000968195.1	ZNF714
ENST00000968436.1	SPICE1
ENST00000968558.1	CYBB
ENST00000969655.1	PRMT8
ENST00000969656.1	PRMT8
ENST00000970253.1	EXOC1
ENST00000970254.1	EXOC1
ENST00000970255.1	EXOC1
ENST00000970256.1	EXOC1
ENST00000970257.1	EXOC1
ENST00000970258.1	EXOC1
ENST00000970259.1	EXOC1
ENST00000970260.1	EXOC1
ENST00000970261.1	EXOC1
ENST00000970262.1	EXOC1
ENST00000970263.1	EXOC1
ENST00000970264.1	EXOC1
ENST00000970265.1	EXOC1
ENST00000970266.1	EXOC1
ENST00000970267.1	EXOC1
ENST00000970468.1	VRK2
ENST00000970956.1	TM7SF2
ENST00000970957.1	TM7SF2
ENST00000970958.1	TM7SF2
ENST00000970959.1	TM7SF2
ENST00000972121.1	ETFRF1
ENST00000972122.1	ETFRF1
ENST00000972123.1	ETFRF1
