q_0	q_0.222222222222222	q_0.444444444444444	q_0.666666666666667	q_0.888888888888889	q_1.11111111111111	q_1.33333333333333	q_1.55555555555556	q_1.77777777777778	q_2
FOXJ2	0	0.0132172421234824	0.030124287802436	0.0521189183846541	0.0811928347453637	0.120202871117342	0.173272003811366	0.24638433707683	0.348270755801475	0.491731209908969
TMEM38A	0	0.000350747259583649	0.000692688540926611	0.00102609696938971	0.00135123675235838	0.00166836348217569	0.00197772442851307	0.00227955882053279	0.00257409811923653	0.00286156628032175
GSR	0	0	0	0	0	0	0	0	0	0
SNX4	0	0	0	0	0	0	0	0	0	0
GGH	0	0	0	0	0	0	0	0	0	0
CCNE1	0	0.00120615889956222	0.00244468314076638	0.00371707036763103	0.00502488057301664	0.00636973909317362	0.00775333974055292	0.00917744808177945	0.0106439048679582	0.0121546296248938
MCOLN1	1.11022302462516e-16	0.000105302478057575	0.000209425469205438	0.000312386654183983	0.00041420343706311	0.000514892949762702	0.000614472056507776	0.000712957358181399	0.000810365196641952	0.000906711658937853
FBXO3	0	0.00638030278701543	0.0126673208463635	0.0188821734300241	0.0250453475042855	0.0311767993315401	0.0372960517887833	0.0434222879851664	0.0495744417118313	0.055771285231587
SLC25A16	0	0.00848901731721937	0.0167450130614881	0.0248287750769092	0.0327993914599337	0.0407150800183948	0.0486339964889659	0.0566150361553467	0.0647186431055487	0.073007641253644
ZNF710	0	0.00127427485724452	0.00253042743718963	0.00376937503372732	0.00499199900858738	0.00619914656419462	0.00739163242850549	0.00857024045642376	0.00973572515206822	0.0108888131160256
TM7SF2	0	0.00425040381272255	0.00875493896353592	0.013536611183963	0.018620650704998	0.0240347460659558	0.0298093039022767	0.0359777377245026	0.0425767890613188	0.0496468847443972
UBP1	2.22044604925031e-16	0.00103002774925393	0.00207918453407725	0.00314846679905079	0.00423889981551928	0.00535153937403332	0.00648747352182388	0.00764782434873901	0.00883374982515143	0.0100464456954201
SPICE1	0	0.00254692996779426	0.00493932400818686	0.00719182356174075	0.00931745682429907	0.0113278371821275	0.0132333356624184	0.015043230929246	0.0167658398645304	0.0184086313522265
NPY1R	1.11022302462516e-16	0.00195387509644309	0.00381792258905758	0.0055986754285342	0.00730221159069444	0.00893418811771518	0.0104998725602448	0.0120041720237388	0.0134516600062221	0.0148466011997908
CENPV	0	0.00308968342224853	0.00611193651391908	0.00907486787499123	0.0119863548807951	0.0148540753498929	0.0176855383922621	0.0204881145792456	0.0232690655740368	0.0260355733590989
METTL26	1.11022302462516e-16	0.052850109834152	0.0993469756191552	0.14196982011485	0.182722235502412	0.223306175938371	0.265257940661489	0.310059819096727	0.359237851885047	0.414454087827323
PTGER4	0	0	0	0	0	0	0	0	0	0
MCC	0	0.000160669081331674	0.000323626783147501	0.000488915824519154	0.000656579761028286	0.000826663001885608	0.0009992108274266	0.00117426940695444	0.00135188581697115	0.00153210805979564
REG3A	1.11022302462516e-16	0.00131728281378762	0.00263202002815059	0.00394460179770339	0.00525541664654572	0.00656485162348597	0.00787329245631319	0.00918112370511475	0.0104887289148043	0.0117964907668489
USP38	0	0.00265291045549598	0.00527704993774953	0.00787578013849843	0.0104523577608501	0.0130099426474406	0.0155516055201674	0.0180803353577409	0.0205990464358055	0.0231105850530235
CYP2W1	0	0.000787464440710365	0.00149306330146526	0.00212623775848131	0.00269528314341838	0.00320749269786513	0.00366928286717094	0.00408630254586195	0.00446352836727674	0.00480534785353037
NFKBIB	0	0.00493647722824979	0.0100215732381964	0.0152730097864415	0.0207099357966851	0.0263530697543794	0.0322248559675387	0.0383496361031732	0.0447538375536357	0.0514661803471299
ING3	0	0.0161009986738782	0.0315685503637731	0.0465434421504585	0.0611533601685463	0.0755150973157925	0.0897364804102354	0.103918060646428	0.118154604929629	0.132536420360721
HIGD1A	0	0.0198982621993508	0.0424217215303934	0.0682327054517949	0.0981638382073715	0.133265266550605	0.174865476280532	0.224649723412509	0.284761320069876	0.35793260501895
DUOXA2	0	0.000387562406941155	0.000765705717376153	0.00113471767147322	0.00149487678555415	0.0018464526598525	0.00218970627575144	0.00252489028279643	0.00285224927593305	0.00317202006323547
CCDC149	0	0.00213301445546578	0.00428582642546396	0.00646072500724593	0.00866013029939805	0.0108866072682519	0.0131428811031302	0.0154318542332793	0.0177566251999268	0.0201205095997758
FAXDC2	0	0.00645942762774462	0.0123296124310747	0.0176830342483055	0.0225828204146978	0.0270840175473204	0.031234684375363	0.0350768314430216	0.0386472297135806	0.0419781068715777
THOC6	0	0.00474650023441552	0.00977597486223303	0.0151135810137879	0.0207867847138969	0.0268255862191611	0.0332627681693425	0.0401341689322589	0.0474789837756344	0.0553400967812641
POLR2J4	0	0.00101840732141824	0.00204299424780927	0.00307418417083494	0.00411240665571266	0.00515809771889319	0.00621170011154493	0.00727366360920128	0.00834444530763696	0.00942450992532584
SYNM	0	4.13510257135652e-06	8.2649156896375e-06	1.23894507539912e-05	1.65087191407176e-05	2.06227322059327e-05	2.47315012742444e-05	2.88350376556057e-05	3.29333526332766e-05	3.70264574673929e-05
SPNS2	0	3.53923889518461e-05	7.10282551470876e-05	0.000106909768613939	0.000143039119687827	0.000179418519205665	0.000216050198714068	0.000252936410665861	0.000290079428623294	0.00032748154747031
SRPRA	1.11022302462516e-16	0.000160483147006309	0.000326863641874353	0.000499397177292526	0.000678351480708383	0.0008640069140462	0.00105665710463909	0.00125660960904308	0.0014641866115159	0.00167972565903707
PNRC2	0	0	0	0	0	0	0	0	0	0
LINC03040	0	0.00551149333004104	0.0109933127028487	0.0164536699966411	0.0219006496605309	0.0273422266948158	0.0327862841630509	0.0382406302826808	0.0437130151392529	0.0492111470678323
RAP1GDS1	0	0.0123078645507981	0.0235091911141846	0.0337583675729045	0.0431880134390864	0.0519122630097839	0.0600295382029796	0.0676248924364529	0.074771993703315	0.0815348039654085
ZNF493	0	0.00503433169619985	0.0101845550153325	0.0154652537488783	0.0208918524793988	0.0264806928355445	0.03224911552777	0.0382155486623122	0.044399602872245	0.0508221738493941
VRK2	2.22044604925031e-16	0.00465814028384591	0.00928360306809273	0.0138875826166006	0.0184809153834132	0.0230741327897836	0.02767751068836	0.0323011158774582	0.0369548499984825	0.0416484911227695
PMEPA1	0	5.96952766442734e-05	0.000119023264862417	0.000177987285333581	0.000236590628537425	0.000294836555044364	0.000352728295796911	0.000410269052401047	0.000467461997400141	0.000524310274555795
CXCL12	0	0.105184288685926	0.211657405986065	0.322293620566857	0.440150684574655	0.568589928019444	0.71141043411496	0.873003620076152	1.05853552448362	1.274165460468
EXOC1	0	0.01241969441208	0.0250617262191909	0.0380506890559238	0.0515147918785507	0.0655877147235959	0.08041053764056	0.096133774318564	0.112919543524297	0.130943913642477
FAM114A2	2.22044604925031e-16	0.0139161531174234	0.0269821531899065	0.0393697088604763	0.0512366661266725	0.0627299000686561	0.0739879559299146	0.0851434936617641	0.0963255852198952	0.107661910151381
ANGEL2	0	0.00429916464298606	0.00835969309259152	0.0122031938595272	0.0158491758047639	0.0193152859245047	0.022617517410144	0.0257703919929559	0.0287871200150325	0.0316797411829759
TMEM183A	0	0.0220645682725022	0.0445274924318988	0.0675538887275016	0.0913211111794541	0.116021208041018	0.141863680320995	0.169078593019123	0.197920097154219	0.22867042929333
HDAC2	0	0.00580756366584453	0.0115934233792241	0.0173784036584437	0.0231839917039493	0.0290324880612773	0.0349471684329177	0.0409524581786539	0.0470741211966937	0.0533394650494765
ATG5	0	0.0102286852139114	0.0202007825351343	0.0299619709865008	0.0395543666581683	0.0490169813552512	0.0583861310981286	0.0676958006447975	0.0769779694643457	0.0862629039416569
SH3PXD2A	0	6.72058962134038e-05	0.000133042409125483	0.000197555889151935	0.000260791182461251	0.000322791682948908	0.000383599382381306	0.000443254918767799	0.00050179762302971	0.000559265564028522
IFIT3	1.11022302462516e-16	0.000156740378877172	0.000314154203181483	0.000472250237671945	0.000631037321116134	0.000790524367102918	0.000950720364865987	0.00111163438010333	0.00127327555582576	0.00143565311319582
RRAGC	0	0	0	0	0	0	0	0	0	0
KPNA6	0	0	0	0	0	0	0	0	0	0
DES	0	0	0	0	0	0	0	0	0	0
PBX2	0	0.00808000478403272	0.0154149292593439	0.0221110840085466	0.0282580156869744	0.0339314244419988	0.0391955412980241	0.0441050696611456	0.0487067744604793	0.053040785970109
IRF3	1.11022302462516e-16	0.0129025746736784	0.0257218102413503	0.0385215839451	0.0513663478884626	0.0643216844806367	0.0774548899659213	0.0908355932307393	0.104536417762589	0.118633695437607
SPIRE2	0	0.00114477997353118	0.002299709073232	0.00346627169432323	0.00464599846476832	0.00584046978782293	0.00705131955185734	0.00828023901844533	0.00952898090028872	0.010799363641228
CYBB	0	3.63254061706167e-05	7.29301415670402e-05	0.000109817177310401	0.00014698951805725	0.000184450202397768	0.000222202303255203	0.000260248928290885	0.000298593220320648	0.000337238357724923
ASMTL	0	0.000193905044889983	0.000377588836395515	0.000551656738297157	0.000716676145159356	0.000873178953050501	0.00102166386532487	0.00116259854466185	0.00129642162183588	0.00142354457093852
ETFRF1	1.11022302462516e-16	0.00215306744577976	0.00420279083785435	0.00615580003741301	0.00801828375626745	0.0097960201654863	0.0114944053252306	0.0131184795938866	0.0146729521629334	0.0161622238532115
PDE7A	0	0.00574676180069172	0.0114514773270883	0.0171258068848079	0.0227812941436626	0.0284293990124826	0.0340815302129218	0.0397490776589363	0.0454434447480573	0.0511760806702137
CDH24	0	0.0215687506040664	0.0430877703312107	0.0646679955614888	0.0864203216347574	0.108456376801044	0.130889298954117	0.15383452126309	0.177410572869223	0.201739900918922
RELCH	0	0.0143515313705774	0.0290289546679308	0.0441057652615759	0.0596595191709526	0.0757724465406009	0.0925321139286508	0.110032141713232	0.128372983520794	0.147662775251974
ZFP90	0	0.021559523707233	0.0437351982344	0.0667149069381715	0.0906951732226288	0.11588421585587	0.142505073765224	0.170798871092884	0.201028291519791	0.23348133115993
SAR1B	0	0.00115854979799255	0.00231508965468006	0.00347230187903214	0.00463287317832162	0.00579950443234911	0.00697492048527426	0.0081618799969748	0.00936318539611054	0.0105816929770155
HIPK2	0	0	0	0	0	0	0	0	0	0
PPP1R2	0	0.000808825738390647	0.00167254033561801	0.00259572531653351	0.00358338208133546	0.00464097276656572	0.00577446524634451	0.00699038270543837	0.00829585826167355	0.00969869516615685
ENSG00000254706	0	0.00640340502917686	0.0130367664091182	0.0199193093089606	0.0270715557597265	0.0345154258810107	0.0422743469650138	0.0503733710500166	0.058839301666871	0.0677008304978406
GSKIP	0	0.0239221274436793	0.042295077657876	0.0566063372499779	0.0679326641318215	0.077056338860112	0.0845479328171488	0.0908253667880055	0.0961961503976887	0.100887667574816
GDI1	1.11022302462516e-16	0.000422117922647299	0.000829821542836395	0.00122371287323153	0.00160436691190058	0.00197233291676468	0.0023281356178313	0.00267227637028897	0.00300523425145622	0.00332746710437104
PNPT1	0	0.0538021893630947	0.101078461809918	0.143397756777399	0.182011515280667	0.217927229906178	0.251965110712846	0.284801888481027	0.317004810498664	0.34905815339888
ZNF714	0	0.00912216242354602	0.0179131626797495	0.0264039829223357	0.0346235735132942	0.0425990186829716	0.0503556894801338	0.0579173850461439	0.0653064631635314	0.0725439609524892
SLC9A7	0	0.000249188321530916	0.000484577324614088	0.000707026738846705	0.000917339592845456	0.00111626609313764	0.00130450723086373	0.00148271813570502	0.00165151119515612	0.00181145895582535
DNAJC24	0	0.00257841826338551	0.00513909883056443	0.00769238544747996	0.0102481392125651	0.0128158339937481	0.0154046430310346	0.0180235180019731	0.0206812616792036	0.0233865951810905
TLN2	3.33066907387547e-16	0.0208252093186926	0.0441134845159872	0.0706119732860841	0.101266061396712	0.137279881757109	0.18019565410511	0.231997926010419	0.295250781435141	0.373278745754578
ZNF398	0	0	0	0	0	0	0	0	0	0
SRP72	0	0.000742396692803928	0.00152093775018987	0.00233790211520546	0.00319572612005303	0.00409701505473991	0.00504455562185546	0.0060413293473482	0.00709052702277419	0.00819556426059798
NSA2	0	0.000839666732733866	0.00170441771550895	0.00259534022612329	0.00351356905692102	0.00446028872387605	0.00543673578101522	0.00644420124537981	0.00748403313787843	0.00855763914573426
THY1	0	0.00253062874533324	0.00509352971442132	0.00770012130433173	0.0103627411490906	0.0130947734353668	0.0159107910099465	0.0188267141860801	0.0218599883981524	0.0250297831282693
PICALM	1.11022302462516e-16	0.00318908387684044	0.00634588252274089	0.00949493631596621	0.012659998172327	0.0158643709445203	0.0191312291250059	0.0224839302133901	0.0259463208031604	0.0295430422278335
GLB1L2	0	0.00116371121441367	0.00237179961047598	0.00362652567839905	0.00493027141803936	0.00628554720273833	0.00769499904370008	0.0091614162787927	0.0106877397112285	0.0122770702250379
SNHG10	0	0.00307874082647988	0.00623484598911983	0.00947943098429227	0.0128246354222781	0.0162837539505012	0.019871383972738	0.0236035924485838	0.0274981043740567	0.0315745159058123
MEF2A	0	0.015631465866583	0.0316123941240227	0.0480396703522855	0.0650165835264752	0.0826538475095968	0.101070724503918	0.120396264388334	0.14077067550598	0.162346844318465
GIPR	0	0.0301828905130254	0.0579244974290185	0.0836218643216496	0.107619411524006	0.130216878167537	0.151676086188199	0.172226706969579	0.192071183402013	0.211388936610154
LINC02362	0	0.000966227454132948	0.00194155555905169	0.00292643459087361	0.00392132453395222	0.00492669543465096	0.0059430277650403	0.0069708127968771	0.00801055298618593	0.0090627623688333
ENSG00000274322	0	0.000831157789949069	0.00171514398628854	0.00265598103071141	0.00365802065059961	0.00472597209437397	0.00586493286560308	0.00708042218212928	0.00837841740729206	0.00976539372314633
PLP1	0	0.0211865440819252	0.0500276754392212	0.0903490549035986	0.148174312450065	0.233098536880133	0.360567753266501	0.55568464854087	0.859597029238106	1.34027478631186
ENSG00000291072	0	0.00480811147214487	0.00972526657259096	0.0147791876461121	0.0200009806303141	0.0254257316025892	0.0310932026486714	0.0370486445702933	0.0433437470670728	0.0500377507100935
A4GALT	0	0.0153054654649197	0.0298889573208294	0.0439338702447833	0.057610812116203	0.0710805781105015	0.0844968820378169	0.0980088988555986	0.111763667431812	0.125908398822745
EFNB2	0	0	0	0	0	0	0	0	0	0
EPB41L4A-AS1	0	0.0174579508623974	0.0347818115853062	0.0520586799218838	0.0693734985000534	0.0868097170542003	0.104449924950276	0.122376460108261	0.14067200004027	0.159420140399679
NCF1C	2.22044604925031e-16	0.0154969181395488	0.0323044302533467	0.050614935032652	0.0706484102878013	0.0926566746920005	0.116928327212974	0.143794474832225	0.173635377534192	0.206888161030232
